진입날짜,청산날짜,진입가,청산가,수익률,매매근거
2022-01-05,,72311.28083828198,71787.646484375,-0.0072413923227005,"
**매수 근거 (변동성 돌파)**

📊 **시그널 발생일**: 2022-01-05

📈 **돌파 조건**:
- 전일 변동폭: ₩1,098
- K값: 0.4
- 목표가 = 당일 시가(₩71,872) + 변동폭 × K
- **목표가**: ₩72,311

✅ **진입 조건 충족**:
- 당일 고가(₩73,561) ≥ 목표가(₩72,311)
- 돌파 확인 → **매수 실행**

💰 **매매 결과**:
- 진입가: ₩72,311
- 청산가(익일 시가): ₩71,788
- 수익률: -0.72%
"
2022-01-06,,72564.64226071376,72463.29395544983,-0.0013966623703567,"
**매수 근거 (변동성 돌파)**

📊 **시그널 발생일**: 2022-01-06

📈 **돌파 조건**:
- 전일 변동폭: ₩1,942
- K값: 0.4
- 목표가 = 당일 시가(₩71,788) + 변동폭 × K
- **목표가**: ₩72,565

✅ **진입 조건 충족**:
- 당일 고가(₩73,139) ≥ 목표가(₩72,565)
- 돌파 확인 → **매수 실행**

💰 **매매 결과**:
- 진입가: ₩72,565
- 청산가(익일 시가): ₩72,463
- 수익률: -0.14%
"
2022-01-07,,73105.15997107483,72716.66910613068,-0.0053141374028572,"
**매수 근거 (변동성 돌파)**

📊 **시그널 발생일**: 2022-01-07

📈 **돌파 조건**:
- 전일 변동폭: ₩1,605
- K값: 0.4
- 목표가 = 당일 시가(₩72,463) + 변동폭 × K
- **목표가**: ₩73,105

✅ **진입 조건 충족**:
- 당일 고가(₩73,646) ≥ 목표가(₩73,105)
- 돌파 확인 → **매수 실행**

💰 **매매 결과**:
- 진입가: ₩73,105
- 청산가(익일 시가): ₩72,717
- 수익률: -0.53%
"
2022-01-13,,72125.47558709857,71027.54787253878,-0.0152224675903028,"
**매수 근거 (변동성 돌파)**

📊 **시그널 발생일**: 2022-01-13

📈 **돌파 조건**:
- 전일 변동폭: ₩845
- K값: 0.4
- 목표가 = 당일 시가(₩71,788) + 변동폭 × K
- **목표가**: ₩72,125

✅ **진입 조건 충족**:
- 당일 고가(₩72,463) ≥ 목표가(₩72,125)
- 돌파 확인 → **매수 실행**

💰 **매매 결과**:
- 진입가: ₩72,125
- 청산가(익일 시가): ₩71,028
- 수익률: -1.52%
"
2022-01-19,,69203.29315608948,67987.12015086207,-0.0175739180863012,"
**매수 근거 (변동성 돌파)**

📊 **시그널 발생일**: 2022-01-19

📈 **돌파 조건**:
- 전일 변동폭: ₩1,351
- K값: 0.4
- 목표가 = 당일 시가(₩68,663) + 변동폭 × K
- **목표가**: ₩69,203

✅ **진입 조건 충족**:
- 당일 고가(₩69,845) ≥ 목표가(₩69,203)
- 돌파 확인 → **매수 실행**

💰 **매매 결과**:
- 진입가: ₩69,203
- 청산가(익일 시가): ₩67,987
- 수익률: -1.76%
"
2022-01-20,,68561.42133913368,67649.3046875,-0.0133036426873644,"
**매수 근거 (변동성 돌파)**

📊 **시그널 발생일**: 2022-01-20

📈 **돌파 조건**:
- 전일 변동폭: ₩1,436
- K값: 0.4
- 목표가 = 당일 시가(₩67,987) + 변동폭 × K
- **목표가**: ₩68,561

✅ **진입 조건 충족**:
- 당일 고가(₩68,832) ≥ 목표가(₩68,561)
- 돌파 확인 → **매수 실행**

💰 **매매 결과**:
- 진입가: ₩68,561
- 청산가(익일 시가): ₩67,649
- 수익률: -1.33%
"
2022-01-24,,67699.97937815568,66720.2842116013,-0.0144711294678841,"
**매수 근거 (변동성 돌파)**

📊 **시그널 발생일**: 2022-01-24

📈 **돌파 조건**:
- 전일 변동폭: ₩760
- K값: 0.4
- 목표가 = 당일 시가(₩67,396) + 변동폭 × K
- **목표가**: ₩67,700

✅ **진입 조건 충족**:
- 당일 고가(₩67,987) ≥ 목표가(₩67,700)
- 돌파 확인 → **매수 실행**

💰 **매매 결과**:
- 진입가: ₩67,700
- 청산가(익일 시가): ₩66,720
- 수익률: -1.45%
"
2022-01-27,,65960.18160358723,67058.1112042683,0.0166453392636103,"
**매수 근거 (변동성 돌파)**

📊 **시그널 발생일**: 2022-01-27

📈 **돌파 조건**:
- 전일 변동폭: ₩0
- K값: 0.4
- 목표가 = 당일 시가(₩65,960) + 변동폭 × K
- **목표가**: ₩65,960

✅ **진입 조건 충족**:
- 당일 고가(₩68,409) ≥ 목표가(₩65,960)
- 돌파 확인 → **매수 실행**

💰 **매매 결과**:
- 진입가: ₩65,960
- 청산가(익일 시가): ₩67,058
- 수익률: +1.66%
"
2022-01-28,,68240.49602174618,69169.51173312883,0.0136138475764684,"
**매수 근거 (변동성 돌파)**

📊 **시그널 발생일**: 2022-01-28

📈 **돌파 조건**:
- 전일 변동폭: ₩2,956
- K값: 0.4
- 목표가 = 당일 시가(₩67,058) + 변동폭 × K
- **목표가**: ₩68,240

✅ **진입 조건 충족**:
- 당일 고가(₩69,254) ≥ 목표가(₩68,240)
- 돌파 확인 → **매수 실행**

💰 **매매 결과**:
- 진입가: ₩68,240
- 청산가(익일 시가): ₩69,170
- 수익률: +1.36%
"
2022-02-09,,66044.6328125,67902.66895388959,0.0281330376484116,"
**매수 근거 (변동성 돌파)**

📊 **시그널 발생일**: 2022-02-09

📈 **돌파 조건**:
- 전일 변동폭: ₩0
- K값: 0.4
- 목표가 = 당일 시가(₩66,045) + 변동폭 × K
- **목표가**: ₩66,045

✅ **진입 조건 충족**:
- 당일 고가(₩66,045) ≥ 목표가(₩66,045)
- 돌파 확인 → **매수 실행**

💰 **매매 결과**:
- 진입가: ₩66,045
- 청산가(익일 시가): ₩67,903
- 수익률: +2.81%
"
2022-02-10,,67902.66895388959,66804.74512460444,-0.0161690821023649,"
**매수 근거 (변동성 돌파)**

📊 **시그널 발생일**: 2022-02-10

📈 **돌파 조건**:
- 전일 변동폭: ₩0
- K값: 0.4
- 목표가 = 당일 시가(₩67,903) + 변동폭 × K
- **목표가**: ₩67,903

✅ **진입 조건 충족**:
- 당일 고가(₩67,987) ≥ 목표가(₩67,903)
- 돌파 확인 → **매수 실행**

💰 **매매 결과**:
- 진입가: ₩67,903
- 청산가(익일 시가): ₩66,805
- 수익률: -1.62%
"
2022-02-16,,67041.21524174529,66889.19433962264,-0.002267573783895,"
**매수 근거 (변동성 돌파)**

📊 **시그널 발생일**: 2022-02-16

📈 **돌파 조건**:
- 전일 변동폭: ₩1,013
- K값: 0.4
- 목표가 = 당일 시가(₩66,636) + 변동폭 × K
- **목표가**: ₩67,041

✅ **진입 조건 충족**:
- 당일 고가(₩67,143) ≥ 목표가(₩67,041)
- 돌파 확인 → **매수 실행**

💰 **매매 결과**:
- 진입가: ₩67,041
- 청산가(익일 시가): ₩66,889
- 수익률: -0.23%
"
2022-02-17,,67260.80097484277,66298.00974825287,-0.0143142991554622,"
**매수 근거 (변동성 돌파)**

📊 **시그널 발생일**: 2022-02-17

📈 **돌파 조건**:
- 전일 변동폭: ₩929
- K값: 0.4
- 목표가 = 당일 시가(₩66,889) + 변동폭 × K
- **목표가**: ₩67,261

✅ **진입 조건 충족**:
- 당일 고가(₩67,480) ≥ 목표가(₩67,261)
- 돌파 확인 → **매수 실행**

💰 **매매 결과**:
- 진입가: ₩67,261
- 청산가(익일 시가): ₩66,298
- 수익률: -1.43%
"
2022-02-22,,66466.921875,66466.921875,0.0,"
**매수 근거 (변동성 돌파)**

📊 **시그널 발생일**: 2022-02-22

📈 **돌파 조건**:
- 전일 변동폭: ₩0
- K값: 0.4
- 목표가 = 당일 시가(₩66,467) + 변동폭 × K
- **목표가**: ₩66,467

✅ **진입 조건 충족**:
- 당일 고가(₩66,467) ≥ 목표가(₩66,467)
- 돌파 확인 → **매수 실행**

💰 **매매 결과**:
- 진입가: ₩66,467
- 청산가(익일 시가): ₩66,467
- 수익률: +0.00%
"
2022-02-23,,66466.921875,65284.5323303389,-0.0177891424983504,"
**매수 근거 (변동성 돌파)**

📊 **시그널 발생일**: 2022-02-23

📈 **돌파 조건**:
- 전일 변동폭: ₩0
- K값: 0.4
- 목표가 = 당일 시가(₩66,467) + 변동폭 × K
- **목표가**: ₩66,467

✅ **진입 조건 충족**:
- 당일 고가(₩66,467) ≥ 목표가(₩66,467)
- 돌파 확인 → **매수 실행**

💰 **매매 결과**:
- 진입가: ₩66,467
- 청산가(익일 시가): ₩65,285
- 수익률: -1.78%
"
2022-02-24,,65284.5323303389,63173.1308858401,-0.0323415266852971,"
**매수 근거 (변동성 돌파)**

📊 **시그널 발생일**: 2022-02-24

📈 **돌파 조건**:
- 전일 변동폭: ₩0
- K값: 0.4
- 목표가 = 당일 시가(₩65,285) + 변동폭 × K
- **목표가**: ₩65,285

✅ **진입 조건 충족**:
- 당일 고가(₩65,453) ≥ 목표가(₩65,285)
- 돌파 확인 → **매수 실행**

💰 **매매 결과**:
- 진입가: ₩65,285
- 청산가(익일 시가): ₩63,173
- 수익률: -3.23%
"
2022-03-02,,61484.00879854369,61906.29002582994,0.0068681472717545,"
**매수 근거 (변동성 돌파)**

📊 **시그널 발생일**: 2022-03-02

📈 **돌파 조건**:
- 전일 변동폭: ₩0
- K값: 0.4
- 목표가 = 당일 시가(₩61,484) + 변동폭 × K
- **목표가**: ₩61,484

✅ **진입 조건 충족**:
- 당일 고가(₩61,822) ≥ 목표가(₩61,484)
- 돌파 확인 → **매수 실행**

💰 **매매 결과**:
- 진입가: ₩61,484
- 청산가(익일 시가): ₩61,906
- 수익률: +0.69%
"
2022-03-03,,62311.67909483133,62328.5703125,0.0002710762719612,"
**매수 근거 (변동성 돌파)**

📊 **시그널 발생일**: 2022-03-03

📈 **돌파 조건**:
- 전일 변동폭: ₩1,013
- K값: 0.4
- 목표가 = 당일 시가(₩61,906) + 변동폭 × K
- **목표가**: ₩62,312

✅ **진입 조건 충족**:
- 당일 고가(₩62,666) ≥ 목표가(₩62,312)
- 돌파 확인 → **매수 실행**

💰 **매매 결과**:
- 진입가: ₩62,312
- 청산가(익일 시가): ₩62,329
- 수익률: +0.03%
"
2022-03-07,,60723.90233276195,58274.677734375,-0.0403337813331792,"
**매수 근거 (변동성 돌파)**

📊 **시그널 발생일**: 2022-03-07

📈 **돌파 조건**:
- 전일 변동폭: ₩0
- K값: 0.4
- 목표가 = 당일 시가(₩60,724) + 변동폭 × K
- **목표가**: ₩60,724

✅ **진입 조건 충족**:
- 당일 고가(₩60,808) ≥ 목표가(₩60,724)
- 돌파 확인 → **매수 실행**

💰 **매매 결과**:
- 진입가: ₩60,724
- 청산가(익일 시가): ₩58,275
- 수익률: -4.03%
"
2022-03-08,,58781.41405425897,58781.4140625,1.40197943325489e-10,"
**매수 근거 (변동성 돌파)**

📊 **시그널 발생일**: 2022-03-08

📈 **돌파 조건**:
- 전일 변동폭: ₩1,267
- K값: 0.4
- 목표가 = 당일 시가(₩58,275) + 변동폭 × K
- **목표가**: ₩58,781

✅ **진입 조건 충족**:
- 당일 고가(₩59,795) ≥ 목표가(₩58,781)
- 돌파 확인 → **매수 실행**

💰 **매매 결과**:
- 진입가: ₩58,781
- 청산가(익일 시가): ₩58,781
- 수익률: +0.00%
"
2022-03-11,,58781.4140625,58696.96195380633,-0.0014367144792379,"
**매수 근거 (변동성 돌파)**

📊 **시그널 발생일**: 2022-03-11

📈 **돌파 조건**:
- 전일 변동폭: ₩0
- K값: 0.4
- 목표가 = 당일 시가(₩58,781) + 변동폭 × K
- **목표가**: ₩58,781

✅ **진입 조건 충족**:
- 당일 고가(₩58,781) ≥ 목표가(₩58,781)
- 돌파 확인 → **매수 실행**

💰 **매매 결과**:
- 진입가: ₩58,781
- 청산가(익일 시가): ₩58,697
- 수익률: -0.14%
"
2022-03-14,,58696.96195380633,58105.76953125,-0.0100719424460432,"
**매수 근거 (변동성 돌파)**

📊 **시그널 발생일**: 2022-03-14

📈 **돌파 조건**:
- 전일 변동폭: ₩0
- K값: 0.4
- 목표가 = 당일 시가(₩58,697) + 변동폭 × K
- **목표가**: ₩58,697

✅ **진입 조건 충족**:
- 당일 고가(₩58,950) ≥ 목표가(₩58,697)
- 돌파 확인 → **매수 실행**

💰 **매매 결과**:
- 진입가: ₩58,697
- 청산가(익일 시가): ₩58,106
- 수익률: -1.01%
"
2022-03-16,,58105.76953125,58105.76953125,0.0,"
**매수 근거 (변동성 돌파)**

📊 **시그널 발생일**: 2022-03-16

📈 **돌파 조건**:
- 전일 변동폭: ₩0
- K값: 0.4
- 목표가 = 당일 시가(₩58,106) + 변동폭 × K
- **목표가**: ₩58,106

✅ **진입 조건 충족**:
- 당일 고가(₩58,106) ≥ 목표가(₩58,106)
- 돌파 확인 → **매수 실행**

💰 **매매 결과**:
- 진입가: ₩58,106
- 청산가(익일 시가): ₩58,106
- 수익률: +0.00%
"
2022-03-17,,58105.76953125,61230.6396484375,0.0537789989255181,"
**매수 근거 (변동성 돌파)**

📊 **시그널 발생일**: 2022-03-17

📈 **돌파 조건**:
- 전일 변동폭: ₩0
- K값: 0.4
- 목표가 = 당일 시가(₩58,106) + 변동폭 × K
- **목표가**: ₩58,106

✅ **진입 조건 충족**:
- 당일 고가(₩58,106) ≥ 목표가(₩58,106)
- 돌파 확인 → **매수 실행**

💰 **매매 결과**:
- 진입가: ₩58,106
- 청산가(익일 시가): ₩61,231
- 수익률: +5.38%
"
2022-03-18,,61230.6396484375,60808.359375,-0.0068965517241379,"
**매수 근거 (변동성 돌파)**

📊 **시그널 발생일**: 2022-03-18

📈 **돌파 조건**:
- 전일 변동폭: ₩0
- K값: 0.4
- 목표가 = 당일 시가(₩61,231) + 변동폭 × K
- **목표가**: ₩61,231

✅ **진입 조건 충족**:
- 당일 고가(₩61,315) ≥ 목표가(₩61,231)
- 돌파 확인 → **매수 실행**

💰 **매매 결과**:
- 진입가: ₩61,231
- 청산가(익일 시가): ₩60,808
- 수익률: -0.69%
"
2022-03-22,,59288.15135212132,60217.16893171135,0.0156695319115695,"
**매수 근거 (변동성 돌파)**

📊 **시그널 발생일**: 2022-03-22

📈 **돌파 조건**:
- 전일 변동폭: ₩0
- K값: 0.4
- 목표가 = 당일 시가(₩59,288) + 변동폭 × K
- **목표가**: ₩59,288

✅ **진입 조건 충족**:
- 당일 고가(₩60,302) ≥ 목표가(₩59,288)
- 돌파 확인 → **매수 실행**

💰 **매매 결과**:
- 진입가: ₩59,288
- 청산가(익일 시가): ₩60,217
- 수익률: +1.57%
"
2022-03-23,,60622.55800078568,59963.79978978849,-0.0108665525296482,"
**매수 근거 (변동성 돌파)**

📊 **시그널 발생일**: 2022-03-23

📈 **돌파 조건**:
- 전일 변동폭: ₩1,013
- K값: 0.4
- 목표가 = 당일 시가(₩60,217) + 변동폭 × K
- **목표가**: ₩60,623

✅ **진입 조건 충족**:
- 당일 고가(₩61,568) ≥ 목표가(₩60,623)
- 돌파 확인 → **매수 실행**

💰 **매매 결과**:
- 진입가: ₩60,623
- 청산가(익일 시가): ₩59,964
- 수익률: -1.09%
"
2022-03-24,,60504.31855719796,61146.18359375,0.0106085821947609,"
**매수 근거 (변동성 돌파)**

📊 **시그널 발생일**: 2022-03-24

📈 **돌파 조건**:
- 전일 변동폭: ₩1,351
- K값: 0.4
- 목표가 = 당일 시가(₩59,964) + 변동폭 × K
- **목표가**: ₩60,504

✅ **진입 조건 충족**:
- 당일 고가(₩60,893) ≥ 목표가(₩60,504)
- 돌파 확인 → **매수 실행**

💰 **매매 결과**:
- 진입가: ₩60,504
- 청산가(익일 시가): ₩61,146
- 수익률: +1.06%
"
2022-03-28,,60267.83868281687,60723.905276157726,0.0075673294962688,"
**매수 근거 (변동성 돌파)**

📊 **시그널 발생일**: 2022-03-28

📈 **돌파 조건**:
- 전일 변동폭: ₩760
- K값: 0.4
- 목표가 = 당일 시가(₩59,964) + 변동폭 × K
- **목표가**: ₩60,268

✅ **진입 조건 충족**:
- 당일 고가(₩60,555) ≥ 목표가(₩60,268)
- 돌파 확인 → **매수 실행**

💰 **매매 결과**:
- 진입가: ₩60,268
- 청산가(익일 시가): ₩60,724
- 수익률: +0.76%
"
2022-03-29,,61095.511904746665,61568.46483314959,0.0077412057556748,"
**매수 근거 (변동성 돌파)**

📊 **시그널 발생일**: 2022-03-29

📈 **돌파 조건**:
- 전일 변동폭: ₩929
- K값: 0.4
- 목표가 = 당일 시가(₩60,724) + 변동폭 × K
- **목표가**: ₩61,096

✅ **진입 조건 충족**:
- 당일 고가(₩61,315) ≥ 목표가(₩61,096)
- 돌파 확인 → **매수 실행**

💰 **매매 결과**:
- 진입가: ₩61,096
- 청산가(익일 시가): ₩61,568
- 수익률: +0.77%
"
2022-03-30,,61940.0714857436,61906.2880859375,-0.0005454207429172,"
**매수 근거 (변동성 돌파)**

📊 **시그널 발생일**: 2022-03-30

📈 **돌파 조건**:
- 전일 변동폭: ₩929
- K값: 0.4
- 목표가 = 당일 시가(₩61,568) + 변동폭 × K
- **목표가**: ₩61,940

✅ **진입 조건 충족**:
- 당일 고가(₩62,751) ≥ 목표가(₩61,940)
- 돌파 확인 → **매수 실행**

💰 **매매 결과**:
- 진입가: ₩61,940
- 청산가(익일 시가): ₩61,906
- 수익률: -0.05%
"
2022-03-31,,62379.24199960779,61906.2861565027,-0.0075819427736563,"
**매수 근거 (변동성 돌파)**

📊 **시그널 발생일**: 2022-03-31

📈 **돌파 조건**:
- 전일 변동폭: ₩1,182
- K값: 0.4
- 목표가 = 당일 시가(₩61,906) + 변동폭 × K
- **목표가**: ₩62,379

✅ **진입 조건 충족**:
- 당일 고가(₩62,497) ≥ 목표가(₩62,379)
- 돌파 확인 → **매수 실행**

💰 **매매 결과**:
- 진입가: ₩62,379
- 청산가(익일 시가): ₩61,906
- 수익률: -0.76%
"
2022-04-01,,62345.4576408777,62497.48144928765,0.0024384103375364,"
**매수 근거 (변동성 돌파)**

📊 **시그널 발생일**: 2022-04-01

📈 **돌파 조건**:
- 전일 변동폭: ₩1,098
- K값: 0.4
- 목표가 = 당일 시가(₩61,906) + 변동폭 × K
- **목표가**: ₩62,345

✅ **진입 조건 충족**:
- 당일 고가(₩62,666) ≥ 목표가(₩62,345)
- 돌파 확인 → **매수 실행**

💰 **매매 결과**:
- 진입가: ₩62,345
- 청산가(익일 시가): ₩62,497
- 수익률: +0.24%
"
2022-04-05,,62396.13515466712,61737.3759765625,-0.0105576920184509,"
**매수 근거 (변동성 돌파)**

📊 **시그널 발생일**: 2022-04-05

📈 **돌파 조건**:
- 전일 변동폭: ₩591
- K값: 0.4
- 목표가 = 당일 시가(₩62,160) + 변동폭 × K
- **목표가**: ₩62,396

✅ **진입 조건 충족**:
- 당일 고가(₩62,497) ≥ 목표가(₩62,396)
- 돌파 확인 → **매수 실행**

💰 **매매 결과**:
- 진입가: ₩62,396
- 청산가(익일 시가): ₩61,737
- 수익률: -1.06%
"
2022-04-06,,62075.20020589855,63764.32420331028,0.0272109311256193,"
**매수 근거 (변동성 돌파)**

📊 **시그널 발생일**: 2022-04-06

📈 **돌파 조건**:
- 전일 변동폭: ₩845
- K값: 0.4
- 목표가 = 당일 시가(₩61,737) + 변동폭 × K
- **목표가**: ₩62,075

✅ **진입 조건 충족**:
- 당일 고가(₩65,031) ≥ 목표가(₩62,075)
- 돌파 확인 → **매수 실행**

💰 **매매 결과**:
- 진입가: ₩62,075
- 청산가(익일 시가): ₩63,764
- 수익률: +2.72%
"
2022-04-08,,64338.62346645824,63510.95217741936,-0.0128642989925076,"
**매수 근거 (변동성 돌파)**

📊 **시그널 발생일**: 2022-04-08

📈 **돌파 조건**:
- 전일 변동폭: ₩1,013
- K값: 0.4
- 목표가 = 당일 시가(₩63,933) + 변동폭 × K
- **목표가**: ₩64,339

✅ **진입 조건 충족**:
- 당일 고가(₩64,524) ≥ 목표가(₩64,339)
- 돌파 확인 → **매수 실행**

💰 **매매 결과**:
- 진입가: ₩64,339
- 청산가(익일 시가): ₩63,511
- 수익률: -1.29%
"
2022-04-11,,64085.25335816034,64946.709966023765,0.0134423531580487,"
**매수 근거 (변동성 돌파)**

📊 **시그널 발생일**: 2022-04-11

📈 **돌파 조건**:
- 전일 변동폭: ₩1,436
- K값: 0.4
- 목표가 = 당일 시가(₩63,511) + 변동폭 × K
- **목표가**: ₩64,085

✅ **진입 조건 충족**:
- 당일 고가(₩65,876) ≥ 목표가(₩64,085)
- 돌파 확인 → **매수 실행**

💰 **매매 결과**:
- 진입가: ₩64,085
- 청산가(익일 시가): ₩64,947
- 수익률: +1.34%
"
2022-04-13,,65233.85570023177,65622.35844421387,0.0059555385744387,"
**매수 근거 (변동성 돌파)**

📊 **시그널 발생일**: 2022-04-13

📈 **돌파 조건**:
- 전일 변동폭: ₩929
- K값: 0.4
- 목표가 = 당일 시가(₩64,862) + 변동폭 × K
- **목표가**: ₩65,234

✅ **진입 조건 충족**:
- 당일 고가(₩66,129) ≥ 목표가(₩65,234)
- 돌파 확인 → **매수 실행**

💰 **매매 결과**:
- 진입가: ₩65,234
- 청산가(익일 시가): ₩65,622
- 수익률: +0.60%
"
2022-04-14,,66129.0947648172,64693.33691533572,-0.0217114396407154,"
**매수 근거 (변동성 돌파)**

📊 **시그널 발생일**: 2022-04-14

📈 **돌파 조건**:
- 전일 변동폭: ₩1,267
- K값: 0.4
- 목표가 = 당일 시가(₩65,622) + 변동폭 × K
- **목표가**: ₩66,129

✅ **진입 조건 충족**:
- 당일 고가(₩66,129) ≥ 목표가(₩66,129)
- 돌파 확인 → **매수 실행**

💰 **매매 결과**:
- 진입가: ₩66,129
- 청산가(익일 시가): ₩64,693
- 수익률: -2.17%
"
2022-04-15,,65200.0732739783,64439.96782089194,-0.0116580459947077,"
**매수 근거 (변동성 돌파)**

📊 **시그널 발생일**: 2022-04-15

📈 **돌파 조건**:
- 전일 변동폭: ₩1,267
- K값: 0.4
- 목표가 = 당일 시가(₩64,693) + 변동폭 × K
- **목표가**: ₩65,200

✅ **진입 조건 충족**:
- 당일 고가(₩65,369) ≥ 목표가(₩65,200)
- 돌파 확인 → **매수 실행**

💰 **매매 결과**:
- 진입가: ₩65,200
- 청산가(익일 시가): ₩64,440
- 수익률: -1.17%
"
2022-04-18,,64879.13929864618,66129.0917993758,0.0192658613267964,"
**매수 근거 (변동성 돌파)**

📊 **시그널 발생일**: 2022-04-18

📈 **돌파 조건**:
- 전일 변동폭: ₩1,098
- K값: 0.4
- 목표가 = 당일 시가(₩64,440) + 변동폭 × K
- **목표가**: ₩64,879

✅ **진입 조건 충족**:
- 당일 고가(₩66,129) ≥ 목표가(₩64,879)
- 돌파 확인 → **매수 실행**

💰 **매매 결과**:
- 진입가: ₩64,879
- 청산가(익일 시가): ₩66,129
- 수익률: +1.93%
"
2022-04-20,,66922.98254344262,67733.75880006258,0.0121150645982291,"
**매수 근거 (변동성 돌파)**

📊 **시그널 발생일**: 2022-04-20

📈 **돌파 조건**:
- 전일 변동폭: ₩929
- K값: 0.4
- 목표가 = 당일 시가(₩66,551) + 변동폭 × K
- **목표가**: ₩66,923

✅ **진입 조건 충족**:
- 당일 고가(₩68,072) ≥ 목표가(₩66,923)
- 돌파 확인 → **매수 실행**

💰 **매매 결과**:
- 진입가: ₩66,923
- 청산가(익일 시가): ₩67,734
- 수익률: +1.21%
"
2022-04-21,,68443.18971064311,67058.10547854009,-0.0202369912617856,"
**매수 근거 (변동성 돌파)**

📊 **시그널 발생일**: 2022-04-21

📈 **돌파 조건**:
- 전일 변동폭: ₩1,774
- K값: 0.4
- 목표가 = 당일 시가(₩67,734) + 변동폭 × K
- **목표가**: ₩68,443

✅ **진입 조건 충족**:
- 당일 고가(₩68,832) ≥ 목표가(₩68,443)
- 돌파 확인 → **매수 실행**

💰 **매매 결과**:
- 진입가: ₩68,443
- 청산가(익일 시가): ₩67,058
- 수익률: -2.02%
"
2022-04-22,,67666.18909869027,66466.91890114636,-0.0177233299749568,"
**매수 근거 (변동성 돌파)**

📊 **시그널 발생일**: 2022-04-22

📈 **돌파 조건**:
- 전일 변동폭: ₩1,520
- K값: 0.4
- 목표가 = 당일 시가(₩67,058) + 변동폭 × K
- **목표가**: ₩67,666

✅ **진입 조건 충족**:
- 당일 고가(₩68,156) ≥ 목표가(₩67,666)
- 돌파 확인 → **매수 실행**

💰 **매매 결과**:
- 진입가: ₩67,666
- 청산가(익일 시가): ₩66,467
- 수익률: -1.77%
"
2022-04-25,,66973.65521458621,69169.51549401197,0.0327869260291996,"
**매수 근거 (변동성 돌파)**

📊 **시그널 발생일**: 2022-04-25

📈 **돌파 조건**:
- 전일 변동폭: ₩1,267
- K값: 0.4
- 목표가 = 당일 시가(₩66,467) + 변동폭 × K
- **목표가**: ₩66,974

✅ **진입 조건 충족**:
- 당일 고가(₩68,325) ≥ 목표가(₩66,974)
- 돌파 확인 → **매수 실행**

💰 **매매 결과**:
- 진입가: ₩66,974
- 청산가(익일 시가): ₩69,170
- 수익률: +3.28%
"
2022-04-26,,70149.20578531222,69591.78616446578,-0.0079462000261612,"
**매수 근거 (변동성 돌파)**

📊 **시그널 발생일**: 2022-04-26

📈 **돌파 조건**:
- 전일 변동폭: ₩2,449
- K값: 0.4
- 목표가 = 당일 시가(₩69,170) + 변동폭 × K
- **목표가**: ₩70,149

✅ **진입 조건 충족**:
- 당일 고가(₩71,028) ≥ 목표가(₩70,149)
- 돌파 확인 → **매수 실행**

💰 **매매 결과**:
- 진입가: ₩70,149
- 청산가(익일 시가): ₩69,592
- 수익률: -0.79%
"
2022-04-27,,70402.56436805859,71111.9990292712,0.0100768298368188,"
**매수 근거 (변동성 돌파)**

📊 **시그널 발생일**: 2022-04-27

📈 **돌파 조건**:
- 전일 변동폭: ₩2,027
- K값: 0.4
- 목표가 = 당일 시가(₩69,592) + 변동폭 × K
- **목표가**: ₩70,403

✅ **진입 조건 충족**:
- 당일 고가(₩70,774) ≥ 목표가(₩70,403)
- 돌파 확인 → **매수 실행**

💰 **매매 결과**:
- 진입가: ₩70,403
- 청산가(익일 시가): ₩71,112
- 수익률: +1.01%
"
2022-05-02,,70926.19862472021,70774.18068862276,-0.0021433255841301,"
**매수 근거 (변동성 돌파)**

📊 **시그널 발생일**: 2022-05-02

📈 **돌파 조건**:
- 전일 변동폭: ₩1,013
- K값: 0.4
- 목표가 = 당일 시가(₩70,521) + 변동폭 × K
- **목표가**: ₩70,926

✅ **진입 조건 충족**:
- 당일 고가(₩71,703) ≥ 목표가(₩70,926)
- 돌파 확인 → **매수 실행**

💰 **매매 결과**:
- 진입가: ₩70,926
- 청산가(익일 시가): ₩70,774
- 수익률: -0.21%
"
2022-05-04,,70267.44431137724,70267.4326579261,-1.658442435375888e-07,"
**매수 근거 (변동성 돌파)**

📊 **시그널 발생일**: 2022-05-04

📈 **돌파 조건**:
- 전일 변동폭: ₩845
- K값: 0.4
- 목표가 = 당일 시가(₩69,930) + 변동폭 × K
- **목표가**: ₩70,267

✅ **진입 조건 충족**:
- 당일 고가(₩70,605) ≥ 목표가(₩70,267)
- 돌파 확인 → **매수 실행**

💰 **매매 결과**:
- 진입가: ₩70,267
- 청산가(익일 시가): ₩70,267
- 수익률: -0.00%
"
2022-05-06,,70537.6920591237,69507.33778611771,-0.0146071446758189,"
**매수 근거 (변동성 돌파)**

📊 **시그널 발생일**: 2022-05-06

📈 **돌파 조건**:
- 전일 변동폭: ₩676
- K값: 0.4
- 목표가 = 당일 시가(₩70,267) + 변동폭 × K
- **목표가**: ₩70,538

✅ **진입 조건 충족**:
- 당일 고가(₩71,196) ≥ 목표가(₩70,538)
- 돌파 확인 → **매수 실행**

💰 **매매 결과**:
- 진입가: ₩70,538
- 청산가(익일 시가): ₩69,507
- 수익률: -1.46%
"
2022-05-10,,69980.29165977683,70858.63083442219,0.012551236266856,"
**매수 근거 (변동성 돌파)**

📊 **시그널 발생일**: 2022-05-10

📈 **돌파 조건**:
- 전일 변동폭: ₩1,182
- K값: 0.4
- 목표가 = 당일 시가(₩69,507) + 변동폭 × K
- **목표가**: ₩69,980

✅ **진입 조건 충족**:
- 당일 고가(₩71,281) ≥ 목표가(₩69,980)
- 돌파 확인 → **매수 실행**

💰 **매매 결과**:
- 진입가: ₩69,980
- 청산가(익일 시가): ₩70,859
- 수익률: +1.26%
"
2022-05-11,,71736.97386355417,72716.6582144409,0.0136566166388635,"
**매수 근거 (변동성 돌파)**

📊 **시그널 발생일**: 2022-05-11

📈 **돌파 조건**:
- 전일 변동폭: ₩2,196
- K값: 0.4
- 목표가 = 당일 시가(₩70,859) + 변동폭 × K
- **목표가**: ₩71,737

✅ **진입 조건 충족**:
- 당일 고가(₩73,139) ≥ 목표가(₩71,737)
- 돌파 확인 → **매수 실행**

💰 **매매 결과**:
- 진입가: ₩71,737
- 청산가(익일 시가): ₩72,717
- 수익률: +1.37%
"
2022-05-13,,73274.06813803592,73476.7715669014,0.0027663733434811,"
**매수 근거 (변동성 돌파)**

📊 **시그널 발생일**: 2022-05-13

📈 **돌파 조건**:
- 전일 변동폭: ₩1,182
- K값: 0.4
- 목표가 = 당일 시가(₩72,801) + 변동폭 × K
- **목표가**: ₩73,274

✅ **진입 조건 충족**:
- 당일 고가(₩73,730) ≥ 목표가(₩73,274)
- 돌파 확인 → **매수 실행**

💰 **매매 결과**:
- 진입가: ₩73,274
- 청산가(익일 시가): ₩73,477
- 수익률: +0.28%
"
2022-05-20,,70284.32390414788,71787.64845605701,0.02138918706765,"
**매수 근거 (변동성 돌파)**

📊 **시그널 발생일**: 2022-05-20

📈 **돌파 조건**:
- 전일 변동폭: ₩1,098
- K값: 0.4
- 목표가 = 당일 시가(₩69,845) + 변동폭 × K
- **목표가**: ₩70,284

✅ **진입 조건 충족**:
- 당일 고가(₩71,196) ≥ 목표가(₩70,284)
- 돌파 확인 → **매수 실행**

💰 **매매 결과**:
- 진입가: ₩70,284
- 청산가(익일 시가): ₩71,788
- 수익률: +2.14%
"
2022-05-26,,70503.91446447487,70014.0703125,-0.0069477582301007,"
**매수 근거 (변동성 돌파)**

📊 **시그널 발생일**: 2022-05-26

📈 **돌파 조건**:
- 전일 변동폭: ₩1,013
- K값: 0.4
- 목표가 = 당일 시가(₩70,099) + 변동폭 × K
- **목표가**: ₩70,504

✅ **진입 조건 충족**:
- 당일 고가(₩70,774) ≥ 목표가(₩70,504)
- 돌파 확인 → **매수 실행**

💰 **매매 결과**:
- 진입가: ₩70,504
- 청산가(익일 시가): ₩70,014
- 수익률: -0.69%
"
2022-05-27,,70622.15390625,70689.71386251495,0.0009566397019643,"
**매수 근거 (변동성 돌파)**

📊 **시그널 발생일**: 2022-05-27

📈 **돌파 조건**:
- 전일 변동폭: ₩1,520
- K값: 0.4
- 목표가 = 당일 시가(₩70,014) + 변동폭 × K
- **목표가**: ₩70,622

✅ **진입 조건 충족**:
- 당일 고가(₩70,774) ≥ 목표가(₩70,622)
- 돌파 확인 → **매수 실행**

💰 **매매 결과**:
- 진입가: ₩70,622
- 청산가(익일 시가): ₩70,690
- 수익률: +0.10%
"
2022-05-31,,71213.34242346749,71027.54392463235,-0.0026090405605496,"
**매수 근거 (변동성 돌파)**

📊 **시그널 발생일**: 2022-05-31

📈 **돌파 조건**:
- 전일 변동폭: ₩1,098
- K값: 0.4
- 목표가 = 당일 시가(₩70,774) + 변동폭 × K
- **목표가**: ₩71,213

✅ **진입 조건 충족**:
- 당일 고가(₩72,379) ≥ 목표가(₩71,213)
- 돌파 확인 → **매수 실행**

💰 **매매 결과**:
- 진입가: ₩71,213
- 청산가(익일 시가): ₩71,028
- 수익률: -0.26%
"
2022-06-02,,71736.97475529162,71872.10950598802,0.0018837531295034,"
**매수 근거 (변동성 돌파)**

📊 **시그널 발생일**: 2022-06-02

📈 **돌파 조건**:
- 전일 변동폭: ₩1,774
- K값: 0.4
- 목표가 = 당일 시가(₩71,028) + 변동폭 × K
- **목표가**: ₩71,737

✅ **진입 조건 충족**:
- 당일 고가(₩71,788) ≥ 목표가(₩71,737)
- 돌파 확인 → **매수 실행**

💰 **매매 결과**:
- 진입가: ₩71,737
- 청산가(익일 시가): ₩71,872
- 수익률: +0.19%
"
2022-06-03,,72209.9337339292,70520.8036991717,-0.0233919344252746,"
**매수 근거 (변동성 돌파)**

📊 **시그널 발생일**: 2022-06-03

📈 **돌파 조건**:
- 전일 변동폭: ₩845
- K값: 0.4
- 목표가 = 당일 시가(₩71,872) + 변동폭 × K
- **목표가**: ₩72,210

✅ **진입 조건 충족**:
- 당일 고가(₩72,294) ≥ 목표가(₩72,210)
- 돌파 확인 → **매수 실행**

💰 **매매 결과**:
- 진입가: ₩72,210
- 청산가(익일 시가): ₩70,521
- 수익률: -2.34%
"
2022-06-08,,70571.48126547449,68747.22658150851,-0.02584974342686,"
**매수 근거 (변동성 돌파)**

📊 **시그널 발생일**: 2022-06-08

📈 **돌파 조건**:
- 전일 변동폭: ₩1,182
- K값: 0.4
- 목표가 = 당일 시가(₩70,099) + 변동폭 × K
- **목표가**: ₩70,571

✅ **진입 조건 충족**:
- 당일 고가(₩70,605) ≥ 목표가(₩70,571)
- 돌파 확인 → **매수 실행**

💰 **매매 결과**:
- 진입가: ₩70,571
- 청산가(익일 시가): ₩68,747
- 수익률: -2.58%
"
2022-06-10,,69051.27029444191,68324.9482421875,-0.0105185907392767,"
**매수 근거 (변동성 돌파)**

📊 **시그널 발생일**: 2022-06-10

📈 **돌파 조건**:
- 전일 변동폭: ₩1,605
- K값: 0.4
- 목표가 = 당일 시가(₩68,409) + 변동폭 × K
- **목표가**: ₩69,051

✅ **진입 조건 충족**:
- 당일 고가(₩69,930) ≥ 목표가(₩69,051)
- 돌파 확인 → **매수 실행**

💰 **매매 결과**:
- 진입가: ₩69,051
- 청산가(익일 시가): ₩68,325
- 수익률: -1.05%
"
2022-06-14,,66703.3958934295,65960.1796875,-0.0111421044757138,"
**매수 근거 (변동성 돌파)**

📊 **시그널 발생일**: 2022-06-14

📈 **돌파 조건**:
- 전일 변동폭: ₩2,280
- K값: 0.4
- 목표가 = 당일 시가(₩65,791) + 변동폭 × K
- **목표가**: ₩66,703

✅ **진입 조건 충족**:
- 당일 고가(₩66,720) ≥ 목표가(₩66,703)
- 돌파 확인 → **매수 실행**

💰 **매매 결과**:
- 진입가: ₩66,703
- 청산가(익일 시가): ₩65,960
- 수익률: -1.11%
"
2022-06-15,,66568.26331730769,66889.1913050518,0.0048210359073717,"
**매수 근거 (변동성 돌파)**

📊 **시그널 발생일**: 2022-06-15

📈 **돌파 조건**:
- 전일 변동폭: ₩1,520
- K값: 0.4
- 목표가 = 당일 시가(₩65,960) + 변동폭 × K
- **목표가**: ₩66,568

✅ **진입 조건 충족**:
- 당일 고가(₩67,987) ≥ 목표가(₩66,568)
- 돌파 확인 → **매수 실행**

💰 **매매 결과**:
- 진입가: ₩66,568
- 청산가(익일 시가): ₩66,889
- 수익률: +0.48%
"
2022-06-17,,63933.23430643524,64946.70506001655,0.0158520175707629,"
**매수 근거 (변동성 돌파)**

📊 **시그널 발생일**: 2022-06-17

📈 **돌파 조건**:
- 전일 변동폭: ₩2,111
- K값: 0.4
- 목표가 = 당일 시가(₩63,089) + 변동폭 × K
- **목표가**: ₩63,933

✅ **진입 조건 충족**:
- 당일 고가(₩64,693) ≥ 목표가(₩63,933)
- 돌파 확인 → **매수 실행**

💰 **매매 결과**:
- 진입가: ₩63,933
- 청산가(익일 시가): ₩64,947
- 수익률: +1.59%
"
2022-06-21,,65081.83669117269,65791.2666015625,0.0109005821970914,"
**매수 근거 (변동성 돌파)**

📊 **시그널 발생일**: 2022-06-21

📈 **돌파 조건**:
- 전일 변동폭: ₩2,027
- K값: 0.4
- 목표가 = 당일 시가(₩64,271) + 변동폭 × K
- **목표가**: ₩65,082

✅ **진입 조건 충족**:
- 당일 고가(₩65,622) ≥ 목표가(₩65,082)
- 돌파 확인 → **매수 실행**

💰 **매매 결과**:
- 진입가: ₩65,082
- 청산가(익일 시가): ₩65,791
- 수익률: +1.09%
"
2022-06-23,,65233.85276473445,64862.24903225806,-0.0056964860532854,"
**매수 근거 (변동성 돌파)**

📊 **시그널 발생일**: 2022-06-23

📈 **돌파 조건**:
- 전일 변동폭: ₩1,351
- K값: 0.4
- 목표가 = 당일 시가(₩64,693) + 변동폭 × K
- **목표가**: ₩65,234

✅ **진입 조건 충족**:
- 당일 고가(₩66,045) ≥ 목표가(₩65,234)
- 돌파 확인 → **매수 실행**

💰 **매매 결과**:
- 진입가: ₩65,234
- 청산가(익일 시가): ₩64,862
- 수익률: -0.57%
"
2022-06-24,,65470.33258957671,65791.26378051606,0.0049019331084083,"
**매수 근거 (변동성 돌파)**

📊 **시그널 발생일**: 2022-06-24

📈 **돌파 조건**:
- 전일 변동폭: ₩1,520
- K값: 0.4
- 목표가 = 당일 시가(₩64,862) + 변동폭 × K
- **목표가**: ₩65,470

✅ **진입 조건 충족**:
- 당일 고가(₩65,622) ≥ 목표가(₩65,470)
- 돌파 확인 → **매수 실행**

💰 **매매 결과**:
- 진입가: ₩65,470
- 청산가(익일 시가): ₩65,791
- 수익률: +0.49%
"
2022-06-27,,66466.91220793541,68409.40333104396,0.0292249340097467,"
**매수 근거 (변동성 돌파)**

📊 **시그널 발생일**: 2022-06-27

📈 **돌파 조건**:
- 전일 변동폭: ₩1,689
- K값: 0.4
- 목표가 = 당일 시가(₩65,791) + 변동폭 × K
- **목표가**: ₩66,467

✅ **진입 조건 충족**:
- 당일 고가(₩68,832) ≥ 목표가(₩66,467)
- 돌파 확인 → **매수 실행**

💰 **매매 결과**:
- 진입가: ₩66,467
- 청산가(익일 시가): ₩68,409
- 수익률: +2.92%
"
2022-06-28,,69693.13530724915,65791.26363377763,-0.055986456288266,"
**매수 근거 (변동성 돌파)**

📊 **시그널 발생일**: 2022-06-28

📈 **돌파 조건**:
- 전일 변동폭: ₩3,209
- K값: 0.4
- 목표가 = 당일 시가(₩68,409) + 변동폭 × K
- **목표가**: ₩69,693

✅ **진입 조건 충족**:
- 당일 고가(₩70,267) ≥ 목표가(₩69,693)
- 돌파 확인 → **매수 실행**

💰 **매매 결과**:
- 진입가: ₩69,693
- 청산가(익일 시가): ₩65,791
- 수익률: -5.60%
"
2022-06-29,,66602.04174733075,64946.70702619664,-0.0248541137434491,"
**매수 근거 (변동성 돌파)**

📊 **시그널 발생일**: 2022-06-29

📈 **돌파 조건**:
- 전일 변동폭: ₩2,027
- K값: 0.4
- 목표가 = 당일 시가(₩65,791) + 변동폭 × K
- **목표가**: ₩66,602

✅ **진입 조건 충족**:
- 당일 고가(₩67,143) ≥ 목표가(₩66,602)
- 돌파 확인 → **매수 실행**

💰 **매매 결과**:
- 진입가: ₩66,602
- 청산가(익일 시가): ₩64,947
- 수익률: -2.49%
"
2022-06-30,,66129.09173848532,66298.00686097756,0.0025543239450532,"
**매수 근거 (변동성 돌파)**

📊 **시그널 발생일**: 2022-06-30

📈 **돌파 조건**:
- 전일 변동폭: ₩2,956
- K값: 0.4
- 목표가 = 당일 시가(₩64,947) + 변동폭 × K
- **목표가**: ₩66,129

✅ **진입 조건 충족**:
- 당일 고가(₩67,480) ≥ 목표가(₩66,129)
- 돌파 확인 → **매수 실행**

💰 **매매 결과**:
- 진입가: ₩66,129
- 청산가(익일 시가): ₩66,298
- 수익률: +0.26%
"
2022-07-04,,66737.17151041667,66466.9150390625,-0.0040495643617737,"
**매수 근거 (변동성 돌파)**

📊 **시그널 발생일**: 2022-07-04

📈 **돌파 조건**:
- 전일 변동폭: ₩1,098
- K값: 0.4
- 목표가 = 당일 시가(₩66,298) + 변동폭 × K
- **목표가**: ₩66,737

✅ **진입 조건 충족**:
- 당일 고가(₩67,058) ≥ 목표가(₩66,737)
- 돌파 확인 → **매수 실행**

💰 **매매 결과**:
- 진입가: ₩66,737
- 청산가(익일 시가): ₩66,467
- 수익률: -0.40%
"
2022-07-08,,65301.42535258755,66129.09474158654,0.0126745991305715,"
**매수 근거 (변동성 돌파)**

📊 **시그널 발생일**: 2022-07-08

📈 **돌파 조건**:
- 전일 변동폭: ₩1,520
- K값: 0.4
- 목표가 = 당일 시가(₩64,693) + 변동폭 × K
- **목표가**: ₩65,301

✅ **진입 조건 충족**:
- 당일 고가(₩65,707) ≥ 목표가(₩65,301)
- 돌파 확인 → **매수 실행**

💰 **매매 결과**:
- 진입가: ₩65,301
- 청산가(익일 시가): ₩66,129
- 수익률: +1.27%
"
2022-07-11,,66703.39594804813,65960.18549475858,-0.0111420182245053,"
**매수 근거 (변동성 돌파)**

📊 **시그널 발생일**: 2022-07-11

📈 **돌파 조건**:
- 전일 변동폭: ₩1,436
- K값: 0.4
- 목표가 = 당일 시가(₩66,129) + 변동폭 × K
- **목표가**: ₩66,703

✅ **진입 조건 충족**:
- 당일 고가(₩67,311) ≥ 목표가(₩66,703)
- 돌파 확인 → **매수 실행**

💰 **매매 결과**:
- 진입가: ₩66,703
- 청산가(익일 시가): ₩65,960
- 수익률: -1.11%
"
2022-07-12,,66568.26912456627,66551.36916510024,-0.0002538741008032,"
**매수 근거 (변동성 돌파)**

📊 **시그널 발생일**: 2022-07-12

📈 **돌파 조건**:
- 전일 변동폭: ₩1,520
- K값: 0.4
- 목표가 = 당일 시가(₩65,960) + 변동폭 × K
- **목표가**: ₩66,568

✅ **진입 조건 충족**:
- 당일 고가(₩66,974) ≥ 목표가(₩66,568)
- 돌파 확인 → **매수 실행**

💰 **매매 결과**:
- 진입가: ₩66,568
- 청산가(익일 시가): ₩66,551
- 수익률: -0.03%
"
2022-07-13,,67125.67039604051,66551.3671875,-0.0085556420539583,"
**매수 근거 (변동성 돌파)**

📊 **시그널 발생일**: 2022-07-13

📈 **돌파 조건**:
- 전일 변동폭: ₩1,436
- K값: 0.4
- 목표가 = 당일 시가(₩66,551) + 변동폭 × K
- **목표가**: ₩67,126

✅ **진입 조건 충족**:
- 당일 고가(₩67,987) ≥ 목표가(₩67,126)
- 돌파 확인 → **매수 실행**

💰 **매매 결과**:
- 진입가: ₩67,126
- 청산가(익일 시가): ₩66,551
- 수익률: -0.86%
"
2022-07-19,,67649.30078689891,70182.9814453125,0.0374531684576445,"
**매수 근거 (변동성 돌파)**

📊 **시그널 발생일**: 2022-07-19

📈 **돌파 조건**:
- 전일 변동폭: ₩1,267
- K값: 0.4
- 목표가 = 당일 시가(₩67,143) + 변동폭 × K
- **목표가**: ₩67,649

✅ **진입 조건 충족**:
- 당일 고가(₩69,338) ≥ 목표가(₩67,649)
- 돌파 확인 → **매수 실행**

💰 **매매 결과**:
- 진입가: ₩67,649
- 청산가(익일 시가): ₩70,183
- 수익률: +3.75%
"
2022-07-21,,69574.90174352135,69507.33002742584,-0.000971208214488,"
**매수 근거 (변동성 돌파)**

📊 **시그널 발생일**: 2022-07-21

📈 **돌파 조건**:
- 전일 변동폭: ₩1,436
- K값: 0.4
- 목표가 = 당일 시가(₩69,001) + 변동폭 × K
- **목표가**: ₩69,575

✅ **진입 조건 충족**:
- 당일 고가(₩70,690) ≥ 목표가(₩69,575)
- 돌파 확인 → **매수 실행**

💰 **매매 결과**:
- 진입가: ₩69,575
- 청산가(익일 시가): ₩69,507
- 수익률: -0.10%
"
2022-07-25,,69676.2479678209,69253.9696969697,-0.0060605770713462,"
**매수 근거 (변동성 돌파)**

📊 **시그널 발생일**: 2022-07-25

📈 **돌파 조건**:
- 전일 변동폭: ₩2,534
- K값: 0.4
- 목표가 = 당일 시가(₩68,663) + 변동폭 × K
- **목표가**: ₩69,676

✅ **진입 조건 충족**:
- 당일 고가(₩70,352) ≥ 목표가(₩69,676)
- 돌파 확인 → **매수 실행**

💰 **매매 결과**:
- 진입가: ₩69,676
- 청산가(익일 시가): ₩69,254
- 수익률: -0.61%
"
2022-07-29,,68814.78948061683,68156.04005363806,-0.0095727885233787,"
**매수 근거 (변동성 돌파)**

📊 **시그널 발생일**: 2022-07-29

📈 **돌파 조건**:
- 전일 변동폭: ₩1,436
- K값: 0.4
- 목표가 = 당일 시가(₩68,240) + 변동폭 × K
- **목표가**: ₩68,815

✅ **진입 조건 충족**:
- 당일 고가(₩68,832) ≥ 목표가(₩68,815)
- 돌파 확인 → **매수 실행**

💰 **매매 결과**:
- 진입가: ₩68,815
- 청산가(익일 시가): ₩68,156
- 수익률: -0.96%
"
2022-08-01,,68527.64667309618,68493.85645012316,-0.000493088915401,"
**매수 근거 (변동성 돌파)**

📊 **시그널 발생일**: 2022-08-01

📈 **돌파 조건**:
- 전일 변동폭: ₩929
- K값: 0.4
- 목표가 = 당일 시가(₩68,156) + 변동폭 × K
- **목표가**: ₩68,528

✅ **진입 조건 충족**:
- 당일 고가(₩68,663) ≥ 목표가(₩68,528)
- 돌파 확인 → **매수 실행**

💰 **매매 결과**:
- 진입가: ₩68,528
- 청산가(익일 시가): ₩68,494
- 수익률: -0.05%
"
2022-08-08,,68527.64857579223,69000.59961656442,0.0069016090673109,"
**매수 근거 (변동성 돌파)**

📊 **시그널 발생일**: 2022-08-08

📈 **돌파 조건**:
- 전일 변동폭: ₩1,351
- K값: 0.4
- 목표가 = 당일 시가(₩67,987) + 변동폭 × K
- **목표가**: ₩68,528

✅ **진입 조건 충족**:
- 당일 고가(₩68,832) ≥ 목표가(₩68,528)
- 돌파 확인 → **매수 실행**

💰 **매매 결과**:
- 진입가: ₩68,528
- 청산가(익일 시가): ₩69,001
- 수익률: +0.69%
"
2022-08-12,,68679.66372215346,69845.16116615853,0.0169700516985659,"
**매수 근거 (변동성 돌파)**

📊 **시그널 발생일**: 2022-08-12

📈 **돌파 조건**:
- 전일 변동폭: ₩1,098
- K값: 0.4
- 목표가 = 당일 시가(₩68,240) + 변동폭 × K
- **목표가**: ₩68,680

✅ **진입 조건 충족**:
- 당일 고가(₩69,592) ≥ 목표가(₩68,680)
- 돌파 확인 → **매수 실행**

💰 **매매 결과**:
- 진입가: ₩68,680
- 청산가(익일 시가): ₩69,845
- 수익률: +1.70%
"
2022-08-19,,65723.69783988182,64608.88376635174,-0.0169621325362127,"
**매수 근거 (변동성 돌파)**

📊 **시그널 발생일**: 2022-08-19

📈 **돌파 조건**:
- 전일 변동폭: ₩1,098
- K값: 0.4
- 목표가 = 당일 시가(₩65,285) + 변동폭 × K
- **목표가**: ₩65,724

✅ **진입 조건 충족**:
- 당일 고가(₩65,791) ≥ 목표가(₩65,724)
- 돌파 확인 → **매수 실행**

💰 **매매 결과**:
- 진입가: ₩65,724
- 청산가(익일 시가): ₩64,609
- 수익률: -1.70%
"
2022-08-22,,65081.83764426625,65031.16405240633,-0.0007786134149575,"
**매수 근거 (변동성 돌파)**

📊 **시그널 발생일**: 2022-08-22

📈 **돌파 조건**:
- 전일 변동폭: ₩1,182
- K값: 0.4
- 목표가 = 당일 시가(₩64,609) + 변동폭 × K
- **목표가**: ₩65,082

✅ **진입 조건 충족**:
- 당일 고가(₩65,960) ≥ 목표가(₩65,082)
- 돌파 확인 → **매수 실행**

💰 **매매 결과**:
- 진입가: ₩65,082
- 청산가(익일 시가): ₩65,031
- 수익률: -0.08%
"
2022-08-23,,65639.24766432494,65200.07225032637,-0.0066907441755653,"
**매수 근거 (변동성 돌파)**

📊 **시그널 발생일**: 2022-08-23

📈 **돌파 조건**:
- 전일 변동폭: ₩1,520
- K값: 0.4
- 목표가 = 당일 시가(₩65,031) + 변동폭 × K
- **목표가**: ₩65,639

✅ **진입 조건 충족**:
- 당일 고가(₩65,960) ≥ 목표가(₩65,639)
- 돌파 확인 → **매수 실행**

💰 **매매 결과**:
- 진입가: ₩65,639
- 청산가(익일 시가): ₩65,200
- 수익률: -0.67%
"
2022-08-24,,65571.6789020544,64946.70890289191,-0.0095310964981698,"
**매수 근거 (변동성 돌파)**

📊 **시그널 발생일**: 2022-08-24

📈 **돌파 조건**:
- 전일 변동폭: ₩929
- K값: 0.4
- 목표가 = 당일 시가(₩65,200) + 변동폭 × K
- **목표가**: ₩65,572

✅ **진입 조건 충족**:
- 당일 고가(₩66,045) ≥ 목표가(₩65,572)
- 돌파 확인 → **매수 실행**

💰 **매매 결과**:
- 진입가: ₩65,572
- 청산가(익일 시가): ₩64,947
- 수익률: -0.95%
"
2022-08-25,,65656.13974084883,66720.28418092521,0.0162078435356795,"
**매수 근거 (변동성 돌파)**

📊 **시그널 발생일**: 2022-08-25

📈 **돌파 조건**:
- 전일 변동폭: ₩1,774
- K값: 0.4
- 목표가 = 당일 시가(₩64,947) + 변동폭 × K
- **목표가**: ₩65,656

✅ **진입 조건 충족**:
- 당일 고가(₩66,805) ≥ 목표가(₩65,656)
- 돌파 확인 → **매수 실행**

💰 **매매 결과**:
- 진입가: ₩65,656
- 청산가(익일 시가): ₩66,720
- 수익률: +1.62%
"
2022-08-29,,65436.55020755397,65875.72741104869,0.006711496894346,"
**매수 근거 (변동성 돌파)**

📊 **시그널 발생일**: 2022-08-29

📈 **돌파 조건**:
- 전일 변동폭: ₩1,013
- K값: 0.4
- 목표가 = 당일 시가(₩65,031) + 변동폭 × K
- **목표가**: ₩65,437

✅ **진입 조건 충족**:
- 당일 고가(₩65,960) ≥ 목표가(₩65,437)
- 돌파 확인 → **매수 실행**

💰 **매매 결과**:
- 진입가: ₩65,437
- 청산가(익일 시가): ₩65,876
- 수익률: +0.67%
"
2022-08-30,,66247.33404612933,67058.1150990099,0.0122386970669039,"
**매수 근거 (변동성 돌파)**

📊 **시그널 발생일**: 2022-08-30

📈 **돌파 조건**:
- 전일 변동폭: ₩929
- K값: 0.4
- 목표가 = 당일 시가(₩65,876) + 변동폭 × K
- **목표가**: ₩66,247

✅ **진입 조건 충족**:
- 당일 고가(₩67,649) ≥ 목표가(₩66,247)
- 돌파 확인 → **매수 실행**

💰 **매매 결과**:
- 진입가: ₩66,247
- 청산가(익일 시가): ₩67,058
- 수익률: +1.22%
"
2022-08-31,,67801.32843390378,67227.02146976309,-0.0084704382260084,"
**매수 근거 (변동성 돌파)**

📊 **시그널 발생일**: 2022-08-31

📈 **돌파 조건**:
- 전일 변동폭: ₩1,858
- K값: 0.4
- 목표가 = 당일 시가(₩67,058) + 변동폭 × K
- **목표가**: ₩67,801

✅ **진입 조건 충족**:
- 당일 고가(₩68,240) ≥ 목표가(₩67,801)
- 돌파 확인 → **매수 실행**

💰 **매매 결과**:
- 진입가: ₩67,801
- 청산가(익일 시가): ₩67,227
- 수익률: -0.85%
"
2022-09-01,,67733.7578559017,68324.95606435643,0.008728265301808,"
**매수 근거 (변동성 돌파)**

📊 **시그널 발생일**: 2022-09-01

📈 **돌파 조건**:
- 전일 변동폭: ₩1,267
- K값: 0.4
- 목표가 = 당일 시가(₩67,227) + 변동폭 × K
- **목표가**: ₩67,734

✅ **진입 조건 충족**:
- 당일 고가(₩68,409) ≥ 목표가(₩67,734)
- 돌파 확인 → **매수 실행**

💰 **매매 결과**:
- 진입가: ₩67,734
- 청산가(익일 시가): ₩68,325
- 수익률: +0.87%
"
2022-09-02,,69135.7342127355,68409.40625,-0.0105058255474734,"
**매수 근거 (변동성 돌파)**

📊 **시그널 발생일**: 2022-09-02

📈 **돌파 조건**:
- 전일 변동폭: ₩2,027
- K값: 0.4
- 목표가 = 당일 시가(₩68,325) + 변동폭 × K
- **목표가**: ₩69,136

✅ **진입 조건 충족**:
- 당일 고가(₩69,761) ≥ 목표가(₩69,136)
- 돌파 확인 → **매수 실행**

💰 **매매 결과**:
- 진입가: ₩69,136
- 청산가(익일 시가): ₩68,409
- 수익률: -1.05%
"
2022-09-06,,68612.10465492008,68831.68747152187,0.0032003509833456,"
**매수 근거 (변동성 돌파)**

📊 **시그널 발생일**: 2022-09-06

📈 **돌파 조건**:
- 전일 변동폭: ₩929
- K값: 0.4
- 목표가 = 당일 시가(₩68,240) + 변동폭 × K
- **목표가**: ₩68,612

✅ **진입 조건 충족**:
- 당일 고가(₩69,001) ≥ 목표가(₩68,612)
- 돌파 확인 → **매수 실행**

💰 **매매 결과**:
- 진입가: ₩68,612
- 청산가(익일 시가): ₩68,832
- 수익률: +0.32%
"
2022-09-07,,69237.07656857347,69845.15423169035,0.00878254388044,"
**매수 근거 (변동성 돌파)**

📊 **시그널 발생일**: 2022-09-07

📈 **돌파 조건**:
- 전일 변동폭: ₩1,013
- K값: 0.4
- 목표가 = 당일 시가(₩68,832) + 변동폭 × K
- **목표가**: ₩69,237

✅ **진입 조건 충족**:
- 당일 고가(₩69,845) ≥ 목표가(₩69,237)
- 돌파 확인 → **매수 실행**

💰 **매매 결과**:
- 진입가: ₩69,237
- 청산가(익일 시가): ₩69,845
- 수익률: +0.88%
"
2022-09-14,,67801.3197480782,68324.9482421875,0.0077229838011249,"
**매수 근거 (변동성 돌파)**

📊 **시그널 발생일**: 2022-09-14

📈 **돌파 조건**:
- 전일 변동폭: ₩1,858
- K값: 0.4
- 목표가 = 당일 시가(₩67,058) + 변동폭 × K
- **목표가**: ₩67,801

✅ **진입 조건 충족**:
- 당일 고가(₩68,409) ≥ 목표가(₩67,801)
- 돌파 확인 → **매수 실행**

💰 **매매 결과**:
- 진입가: ₩67,801
- 청산가(익일 시가): ₩68,325
- 수익률: +0.77%
"
2022-09-16,,68037.80439946824,67987.13180693069,-0.0007447711310617,"
**매수 근거 (변동성 돌파)**

📊 **시그널 발생일**: 2022-09-16

📈 **돌파 조건**:
- 전일 변동폭: ₩1,182
- K값: 0.4
- 목표가 = 당일 시가(₩67,565) + 변동폭 × K
- **목표가**: ₩68,038

✅ **진입 조건 충족**:
- 당일 고가(₩68,663) ≥ 목표가(₩68,038)
- 돌파 확인 → **매수 실행**

💰 **매매 결과**:
- 진입가: ₩68,038
- 청산가(익일 시가): ₩67,987
- 수익률: -0.07%
"
2022-09-19,,68460.08576038321,68578.32035136817,0.0017270587623682,"
**매수 근거 (변동성 돌파)**

📊 **시그널 발생일**: 2022-09-19

📈 **돌파 조건**:
- 전일 변동폭: ₩1,182
- K값: 0.4
- 목표가 = 당일 시가(₩67,987) + 변동폭 × K
- **목표가**: ₩68,460

✅ **진입 조건 충족**:
- 당일 고가(₩68,747) ≥ 목표가(₩68,460)
- 돌파 확인 → **매수 실행**

💰 **매매 결과**:
- 진입가: ₩68,460
- 청산가(익일 시가): ₩68,578
- 수익률: +0.17%
"
2022-09-22,,66990.54258449655,66889.1953125,-0.001512859399052,"
**매수 근거 (변동성 돌파)**

📊 **시그널 발생일**: 2022-09-22

📈 **돌파 조건**:
- 전일 변동폭: ₩1,098
- K값: 0.4
- 목표가 = 당일 시가(₩66,551) + 변동폭 × K
- **목표가**: ₩66,991

✅ **진입 조건 충족**:
- 당일 고가(₩67,565) ≥ 목표가(₩66,991)
- 돌파 확인 → **매수 실행**

💰 **매매 결과**:
- 진입가: ₩66,991
- 청산가(익일 시가): ₩66,889
- 수익률: -0.15%
"
2022-09-27,,64423.079432189545,63933.23239808863,-0.0076035954570678,"
**매수 근거 (변동성 돌파)**

📊 **시그널 발생일**: 2022-09-27

📈 **돌파 조건**:
- 전일 변동폭: ₩1,858
- K값: 0.4
- 목표가 = 당일 시가(₩63,680) + 변동폭 × K
- **목표가**: ₩64,423

✅ **진입 조건 충족**:
- 당일 고가(₩64,609) ≥ 목표가(₩64,423)
- 돌파 확인 → **매수 실행**

💰 **매매 결과**:
- 진입가: ₩64,423
- 청산가(익일 시가): ₩63,933
- 수익률: -0.76%
"
2022-09-28,,64507.53357864419,62666.3896602349,-0.0285415333104413,"
**매수 근거 (변동성 돌파)**

📊 **시그널 발생일**: 2022-09-28

📈 **돌파 조건**:
- 전일 변동폭: ₩1,436
- K값: 0.4
- 목표가 = 당일 시가(₩63,933) + 변동폭 × K
- **목표가**: ₩64,508

✅ **진입 조건 충족**:
- 당일 고가(₩64,693) ≥ 목표가(₩64,508)
- 돌파 확인 → **매수 실행**

💰 **매매 결과**:
- 진입가: ₩64,508
- 청산가(익일 시가): ₩62,666
- 수익률: -2.85%
"
2022-09-30,,63037.99818849703,61146.18359375,-0.0300107022607237,"
**매수 근거 (변동성 돌파)**

📊 **시그널 발생일**: 2022-09-30

📈 **돌파 조건**:
- 전일 변동폭: ₩1,351
- K값: 0.4
- 목표가 = 당일 시가(₩62,497) + 변동폭 × K
- **목표가**: ₩63,038

✅ **진입 조건 충족**:
- 당일 고가(₩63,173) ≥ 목표가(₩63,038)
- 돌파 확인 → **매수 실행**

💰 **매매 결과**:
- 진입가: ₩63,038
- 청산가(익일 시가): ₩61,146
- 수익률: -3.00%
"
2022-10-12,,57244.315808651576,57852.400399203885,0.0106226195904748,"
**매수 근거 (변동성 돌파)**

📊 **시그널 발생일**: 2022-10-12

📈 **돌파 조건**:
- 전일 변동폭: ₩2,280
- K값: 0.4
- 목표가 = 당일 시가(₩56,332) + 변동폭 × K
- **목표가**: ₩57,244

✅ **진입 조건 충족**:
- 당일 고가(₩58,190) ≥ 목표가(₩57,244)
- 돌파 확인 → **매수 실행**

💰 **매매 결과**:
- 진입가: ₩57,244
- 청산가(익일 시가): ₩57,852
- 수익률: +1.06%
"
2022-10-13,,58595.61370565549,58865.86814424819,0.0046121957174178,"
**매수 근거 (변동성 돌파)**

📊 **시그널 발생일**: 2022-10-13

📈 **돌파 조건**:
- 전일 변동폭: ₩1,858
- K값: 0.4
- 목표가 = 당일 시가(₩57,852) + 변동폭 × K
- **목표가**: ₩58,596

✅ **진입 조건 충족**:
- 당일 고가(₩58,697) ≥ 목표가(₩58,596)
- 돌파 확인 → **매수 실행**

💰 **매매 결과**:
- 진입가: ₩58,596
- 청산가(익일 시가): ₩58,866
- 수익률: +0.46%
"
2022-10-17,,58257.78553331276,59119.24124909552,0.0147869629423206,"
**매수 근거 (변동성 돌파)**

📊 **시그널 발생일**: 2022-10-17

📈 **돌파 조건**:
- 전일 변동폭: ₩1,436
- K값: 0.4
- 목표가 = 당일 시가(₩57,683) + 변동폭 × K
- **목표가**: ₩58,258

✅ **진입 조건 충족**:
- 당일 고가(₩58,444) ≥ 목표가(₩58,258)
- 돌파 확인 → **매수 실행**

💰 **매매 결과**:
- 진입가: ₩58,258
- 청산가(익일 시가): ₩59,119
- 수익률: +1.48%
"
2022-10-19,,58342.240699095775,58190.2216796875,-0.0026056424571062,"
**매수 근거 (변동성 돌파)**

📊 **시그널 발생일**: 2022-10-19

📈 **돌파 조건**:
- 전일 변동폭: ₩2,280
- K값: 0.4
- 목표가 = 당일 시가(₩57,430) + 변동폭 × K
- **목표가**: ₩58,342

✅ **진입 조건 충족**:
- 당일 고가(₩59,626) ≥ 목표가(₩58,342)
- 돌파 확인 → **매수 실행**

💰 **매매 결과**:
- 진입가: ₩58,342
- 청산가(익일 시가): ₩58,190
- 수익률: -0.26%
"
2022-10-28,,55943.69256632364,56501.09960053733,0.0099637154546575,"
**매수 근거 (변동성 돌파)**

📊 **시그널 발생일**: 2022-10-28

📈 **돌파 조건**:
- 전일 변동폭: ₩929
- K값: 0.4
- 목표가 = 당일 시가(₩55,572) + 변동폭 × K
- **목표가**: ₩55,944

✅ **진입 조건 충족**:
- 당일 고가(₩56,670) ≥ 목표가(₩55,944)
- 돌파 확인 → **매수 실행**

💰 **매매 결과**:
- 진입가: ₩55,944
- 청산가(익일 시가): ₩56,501
- 수익률: +1.00%
"
2022-11-02,,56011.25741126089,54896.43653100776,-0.019903514610779,"
**매수 근거 (변동성 돌파)**

📊 **시그널 발생일**: 2022-11-02

📈 **돌파 조건**:
- 전일 변동폭: ₩676
- K값: 0.4
- 목표가 = 당일 시가(₩55,741) + 변동폭 × K
- **목표가**: ₩56,011

✅ **진입 조건 충족**:
- 당일 고가(₩56,163) ≥ 목표가(₩56,011)
- 돌파 확인 → **매수 실행**

💰 **매매 결과**:
- 진입가: ₩56,011
- 청산가(익일 시가): ₩54,896
- 수익률: -1.99%
"
2022-11-04,,54778.19804039867,55825.455034463484,0.0191181351619575,"
**매수 근거 (변동성 돌파)**

📊 **시그널 발생일**: 2022-11-04

📈 **돌파 조건**:
- 전일 변동폭: ₩1,182
- K값: 0.4
- 목표가 = 당일 시가(₩54,305) + 변동폭 × K
- **목표가**: ₩54,778

✅ **진입 조건 충족**:
- 당일 고가(₩55,150) ≥ 목표가(₩54,778)
- 돌파 확인 → **매수 실행**

💰 **매매 결과**:
- 진입가: ₩54,778
- 청산가(익일 시가): ₩55,825
- 수익률: +1.91%
"
2022-11-07,,56163.27925919549,57176.74804398148,0.0180450429204603,"
**매수 근거 (변동성 돌파)**

📊 **시그널 발생일**: 2022-11-07

📈 **돌파 조건**:
- 전일 변동폭: ₩845
- K값: 0.4
- 목표가 = 당일 시가(₩55,825) + 변동폭 × K
- **목표가**: ₩56,163

✅ **진입 조건 충족**:
- 당일 고가(₩56,754) ≥ 목표가(₩56,163)
- 돌파 확인 → **매수 실행**

💰 **매매 결과**:
- 진입가: ₩56,163
- 청산가(익일 시가): ₩57,177
- 수익률: +1.80%
"
2022-11-10,,56585.55860534124,57683.4853515625,0.0194029496797725,"
**매수 근거 (변동성 돌파)**

📊 **시그널 발생일**: 2022-11-10

📈 **돌파 조건**:
- 전일 변동폭: ₩845
- K값: 0.4
- 목표가 = 당일 시가(₩56,248) + 변동폭 × K
- **목표가**: ₩56,586

✅ **진입 조건 충족**:
- 당일 고가(₩57,261) ≥ 목표가(₩56,586)
- 돌파 확인 → **매수 실행**

💰 **매매 결과**:
- 진입가: ₩56,586
- 청산가(익일 시가): ₩57,683
- 수익률: +1.94%
"
2022-11-14,,58663.17462334585,59203.69533531022,0.0092139696740732,"
**매수 근거 (변동성 돌파)**

📊 **시그널 발생일**: 2022-11-14

📈 **돌파 조건**:
- 전일 변동폭: ₩1,182
- K값: 0.4
- 목표가 = 당일 시가(₩58,190) + 변동폭 × K
- **목표가**: ₩58,663

✅ **진입 조건 충족**:
- 당일 고가(₩59,710) ≥ 목표가(₩58,663)
- 돌파 확인 → **매수 실행**

💰 **매매 결과**:
- 진입가: ₩58,663
- 청산가(익일 시가): ₩59,204
- 수익률: +0.92%
"
2022-11-22,,55048.4564453125,55487.62696196267,0.007977889754029,"
**매수 근거 (변동성 돌파)**

📊 **시그널 발생일**: 2022-11-22

📈 **돌파 조건**:
- 전일 변동폭: ₩1,013
- K값: 0.4
- 목표가 = 당일 시가(₩54,643) + 변동폭 × K
- **목표가**: ₩55,048

✅ **진입 조건 충족**:
- 당일 고가(₩55,234) ≥ 목표가(₩55,048)
- 돌파 확인 → **매수 실행**

💰 **매매 결과**:
- 진입가: ₩55,048
- 청산가(익일 시가): ₩55,488
- 수익률: +0.80%
"
2022-11-23,,55757.88633696267,56416.64750094841,0.0118146724573567,"
**매수 근거 (변동성 돌파)**

📊 **시그널 발생일**: 2022-11-23

📈 **돌파 조건**:
- 전일 변동폭: ₩676
- K값: 0.4
- 목표가 = 당일 시가(₩55,488) + 변동폭 × K
- **목표가**: ₩55,758

✅ **진입 조건 충족**:
- 당일 고가(₩56,163) ≥ 목표가(₩55,758)
- 돌파 확인 → **매수 실행**

💰 **매매 결과**:
- 진입가: ₩55,758
- 청산가(익일 시가): ₩56,417
- 수익률: +1.18%
"
2022-11-28,,55487.62989177179,55318.71296898217,-0.0030442266703243,"
**매수 근거 (변동성 돌파)**

📊 **시그널 발생일**: 2022-11-28

📈 **돌파 조건**:
- 전일 변동폭: ₩845
- K값: 0.4
- 목표가 = 당일 시가(₩55,150) + 변동폭 × K
- **목표가**: ₩55,488

✅ **진입 조건 충족**:
- 당일 고가(₩55,741) ≥ 목표가(₩55,488)
- 돌파 확인 → **매수 실행**

💰 **매매 결과**:
- 진입가: ₩55,488
- 청산가(익일 시가): ₩55,319
- 수익률: -0.30%
"
2022-11-29,,55724.10204581703,56416.64643312682,0.012428094161847,"
**매수 근거 (변동성 돌파)**

📊 **시그널 발생일**: 2022-11-29

📈 **돌파 조건**:
- 전일 변동폭: ₩1,013
- K값: 0.4
- 목표가 = 당일 시가(₩55,319) + 변동폭 × K
- **목표가**: ₩55,724

✅ **진입 조건 충족**:
- 당일 고가(₩56,923) ≥ 목표가(₩55,724)
- 돌파 확인 → **매수 실행**

💰 **매매 결과**:
- 진입가: ₩55,724
- 청산가(익일 시가): ₩56,417
- 수익률: +1.24%
"
2022-11-30,,57058.51241566768,58274.67969888848,0.0213143881908644,"
**매수 근거 (변동성 돌파)**

📊 **시그널 발생일**: 2022-11-30

📈 **돌파 조건**:
- 전일 변동폭: ₩1,605
- K값: 0.4
- 목표가 = 당일 시가(₩56,417) + 변동폭 × K
- **목표가**: ₩57,059

✅ **진입 조건 충족**:
- 당일 고가(₩57,937) ≥ 목표가(₩57,059)
- 돌파 확인 → **매수 실행**

💰 **매매 결과**:
- 진입가: ₩57,059
- 청산가(익일 시가): ₩58,275
- 수익률: +2.13%
"
2022-12-07,,55099.13202764977,55065.35060857805,-0.0006131025631177,"
**매수 근거 (변동성 돌파)**

📊 **시그널 발생일**: 2022-12-07

📈 **돌파 조건**:
- 전일 변동폭: ₩507
- K값: 0.4
- 목표가 = 당일 시가(₩54,896) + 변동폭 × K
- **목표가**: ₩55,099

✅ **진입 조건 충족**:
- 당일 고가(₩55,234) ≥ 목표가(₩55,099)
- 돌파 확인 → **매수 실행**

💰 **매매 결과**:
- 진입가: ₩55,099
- 청산가(익일 시가): ₩55,065
- 수익률: -0.06%
"
2022-12-09,,55251.150991052455,54980.890625,-0.004891488434263,"
**매수 근거 (변동성 돌파)**

📊 **시그널 발생일**: 2022-12-09

📈 **돌파 조건**:
- 전일 변동폭: ₩676
- K값: 0.4
- 목표가 = 당일 시가(₩54,981) + 변동폭 × K
- **목표가**: ₩55,251

✅ **진입 조건 충족**:
- 당일 고가(₩55,319) ≥ 목표가(₩55,251)
- 돌파 확인 → **매수 실행**

💰 **매매 결과**:
- 진입가: ₩55,251
- 청산가(익일 시가): ₩54,981
- 수익률: -0.49%
"
2022-12-12,,55251.15,55149.80473125,-0.001834265327509,"
**매수 근거 (변동성 돌파)**

📊 **시그널 발생일**: 2022-12-12

📈 **돌파 조건**:
- 전일 변동폭: ₩676
- K값: 0.4
- 목표가 = 당일 시가(₩54,981) + 변동폭 × K
- **목표가**: ₩55,251

✅ **진입 조건 충족**:
- 당일 고가(₩55,403) ≥ 목표가(₩55,251)
- 돌파 확인 → **매수 실행**

💰 **매매 결과**:
- 진입가: ₩55,251
- 청산가(익일 시가): ₩55,150
- 수익률: -0.18%
"
2022-12-14,,53680.26932824103,53882.963862617005,0.0037759597131778,"
**매수 근거 (변동성 돌파)**

📊 **시그널 발생일**: 2022-12-14

📈 **돌파 조건**:
- 전일 변동폭: ₩2,872
- K값: 0.4
- 목표가 = 당일 시가(₩52,532) + 변동폭 × K
- **목표가**: ₩53,680

✅ **진입 조건 충족**:
- 당일 고가(₩54,136) ≥ 목표가(₩53,680)
- 돌파 확인 → **매수 실행**

💰 **매매 결과**:
- 진입가: ₩53,680
- 청산가(익일 시가): ₩53,883
- 수익률: +0.38%
"
2022-12-15,,54659.959579758186,53376.227525351016,-0.0234857849196537,"
**매수 근거 (변동성 돌파)**

📊 **시그널 발생일**: 2022-12-15

📈 **돌파 조건**:
- 전일 변동폭: ₩1,942
- K값: 0.4
- 목표가 = 당일 시가(₩53,883) + 변동폭 × K
- **목표가**: ₩54,660

✅ **진입 조건 충족**:
- 당일 고가(₩54,728) ≥ 목표가(₩54,660)
- 돌파 확인 → **매수 실행**

💰 **매매 결과**:
- 진입가: ₩54,660
- 청산가(익일 시가): ₩53,376
- 수익률: -2.35%
"
2022-12-16,,53815.39901764821,53798.5068359375,-0.0003138912285155,"
**매수 근거 (변동성 돌파)**

📊 **시그널 발생일**: 2022-12-16

📈 **돌파 조건**:
- 전일 변동폭: ₩1,098
- K값: 0.4
- 목표가 = 당일 시가(₩53,376) + 변동폭 × K
- **목표가**: ₩53,815

✅ **진입 조건 충족**:
- 당일 고가(₩54,390) ≥ 목표가(₩53,815)
- 돌파 확인 → **매수 실행**

💰 **매매 결과**:
- 진입가: ₩53,815
- 청산가(익일 시가): ₩53,799
- 수익률: -0.03%
"
2022-12-22,,52734.36343507906,52869.48925937002,0.0025623865633139,"
**매수 근거 (변동성 돌파)**

📊 **시그널 발생일**: 2022-12-22

📈 **돌파 조건**:
- 전일 변동폭: ₩929
- K값: 0.4
- 목표가 = 당일 시가(₩52,363) + 변동폭 × K
- **목표가**: ₩52,734

✅ **진입 조건 충족**:
- 당일 고가(₩53,630) ≥ 목표가(₩52,734)
- 돌파 확인 → **매수 실행**

💰 **매매 결과**:
- 진입가: ₩52,734
- 청산가(익일 시가): ₩52,869
- 수익률: +0.26%
"
2022-12-23,,53376.22561517711,53291.7714751766,-0.0015822426375627,"
**매수 근거 (변동성 돌파)**

📊 **시그널 발생일**: 2022-12-23

📈 **돌파 조건**:
- 전일 변동폭: ₩1,267
- K값: 0.4
- 목표가 = 당일 시가(₩52,869) + 변동폭 × K
- **목표가**: ₩53,376

✅ **진입 조건 충족**:
- 당일 고가(₩53,461) ≥ 목표가(₩53,376)
- 돌파 확인 → **매수 실행**

💰 **매매 결과**:
- 진입가: ₩53,376
- 청산가(익일 시가): ₩53,292
- 수익률: -0.16%
"
2022-12-26,,53562.03084519255,54051.875975039,0.0091453800783286,"
**매수 근거 (변동성 돌파)**

📊 **시그널 발생일**: 2022-12-26

📈 **돌파 조건**:
- 전일 변동폭: ₩676
- K값: 0.4
- 목표가 = 당일 시가(₩53,292) + 변동폭 × K
- **목표가**: ₩53,562

✅ **진입 조건 충족**:
- 당일 고가(₩53,967) ≥ 목표가(₩53,562)
- 돌파 확인 → **매수 실행**

💰 **매매 결과**:
- 진입가: ₩53,562
- 청산가(익일 시가): ₩54,052
- 수익률: +0.91%
"
