진입날짜,청산날짜,종목명,진입가,청산가,수익률,매매근거
2023-02-27,2023-03-06,삼성전자,57341.96864686468,58002.16796875,0.011513370354462269," **매수 근거 (BB-RSI 역추세)**  📊 **시그널 발생일**: 2023-02-27  📉 **과매도 조건 충족**: - Bollinger Lower Band: ₩57,685 - 종가: ₩57,059 - 종가 ≤ Lower Band: ✅  📈 **RSI 조건 충족**: - RSI(7): 19.2 - 과매도 기준: 20 - RSI ≤ 20: ✅  💰 **매매 결과**: - 진입가 (익일 시가): ₩57,342 - 청산가: ₩58,002 - 청산 사유: 목표 밴드 도달 (중심선) - 수익률: +1.15% "
2023-07-10,2023-07-12,삼성전자,66923.06676136363,68543.71875,0.024216642587754373," **매수 근거 (BB-RSI 역추세)**  📊 **시그널 발생일**: 2023-07-10  📉 **과매도 조건 충족**: - Bollinger Lower Band: ₩67,326 - 종가: ₩66,256 - 종가 ≤ Lower Band: ✅  📈 **RSI 조건 충족**: - RSI(7): 17.8 - 과매도 기준: 20 - RSI ≤ 20: ✅  💰 **매매 결과**: - 진입가 (익일 시가): ₩66,923 - 청산가: ₩68,544 - 청산 사유: 목표 밴드 도달 (중심선) - 수익률: +2.42% "
2023-07-25,2023-07-27,삼성전자,66541.734375,68353.046875,0.027220698663972868," **매수 근거 (BB-RSI 역추세)**  📊 **시그널 발생일**: 2023-07-25  📉 **과매도 조건 충족**: - Bollinger Lower Band: ₩67,123 - 종가: ₩66,732 - 종가 ≤ Lower Band: ✅  📈 **RSI 조건 충족**: - RSI(7): 2.8 - 과매도 기준: 20 - RSI ≤ 20: ✅  💰 **매매 결과**: - 진입가 (익일 시가): ₩66,542 - 청산가: ₩68,353 - 청산 사유: 목표 밴드 도달 (중심선) - 수익률: +2.72% "
2023-10-04,2023-10-06,삼성전자,64493.91256324963,63248.1171875,-0.019316480055817185," **매수 근거 (BB-RSI 역추세)**  📊 **시그널 발생일**: 2023-10-04  📉 **과매도 조건 충족**: - Bollinger Lower Band: ₩65,122 - 종가: ₩64,686 - 종가 ≤ Lower Band: ✅  📈 **RSI 조건 충족**: - RSI(7): 19.1 - 과매도 기준: 20 - RSI ≤ 20: ✅  💰 **매매 결과**: - 진입가 (익일 시가): ₩64,494 - 청산가: ₩63,248 - 청산 사유: 손절매 - 수익률: -1.93% "
2023-11-27,2023-11-28,삼성전자,68422.96159301925,69668.7578125,0.01820728291316534," **매수 근거 (BB-RSI 역추세)**  📊 **시그널 발생일**: 2023-11-27  📉 **과매도 조건 충족**: - Bollinger Lower Band: ₩68,513 - 종가: ₩68,327 - 종가 ≤ Lower Band: ✅  📈 **RSI 조건 충족**: - RSI(7): 14.3 - 과매도 기준: 20 - RSI ≤ 20: ✅  💰 **매매 결과**: - 진입가 (익일 시가): ₩68,423 - 청산가: ₩69,669 - 청산 사유: 목표 밴드 도달 (중심선) - 수익률: +1.82% "
2023-03-15,2023-03-20,SK하이닉스,74748.17766020569,81570.046875,0.09126468936547898," **매수 근거 (BB-RSI 역추세)**  📊 **시그널 발생일**: 2023-03-15  📉 **과매도 조건 충족**: - Bollinger Lower Band: ₩79,879 - 종가: ₩77,087 - 종가 ≤ Lower Band: ✅  📈 **RSI 조건 충족**: - RSI(7): 7.9 - 과매도 기준: 20 - RSI ≤ 20: ✅  💰 **매매 결과**: - 진입가 (익일 시가): ₩74,748 - 청산가: ₩81,570 - 청산 사유: 목표 밴드 도달 (중심선) - 수익률: +9.13% "
2023-04-20,2023-04-25,SK하이닉스,85764.35285143097,83612.8984375,-0.025085648552119588," **매수 근거 (BB-RSI 역추세)**  📊 **시그널 발생일**: 2023-04-20  📉 **과매도 조건 충족**: - Bollinger Lower Band: ₩85,886 - 종가: ₩85,764 - 종가 ≤ Lower Band: ✅  📈 **RSI 조건 충족**: - RSI(7): 18.5 - 과매도 기준: 20 - RSI ≤ 20: ✅  💰 **매매 결과**: - 진입가 (익일 시가): ₩85,764 - 청산가: ₩83,613 - 청산 사유: 손절매 - 수익률: -2.51% "
2023-05-11,2023-05-16,SK하이닉스,84395.24698071962,88404.75,0.047508635411617046," **매수 근거 (BB-RSI 역추세)**  📊 **시그널 발생일**: 2023-05-11  📉 **과매도 조건 충족**: - Bollinger Lower Band: ₩85,122 - 종가: ₩84,395 - 종가 ≤ Lower Band: ✅  📈 **RSI 조건 충족**: - RSI(7): 15.2 - 과매도 기준: 20 - RSI ≤ 20: ✅  💰 **매매 결과**: - 진입가 (익일 시가): ₩84,395 - 청산가: ₩88,405 - 청산 사유: 목표 밴드 도달 (중심선) - 수익률: +4.75% "
2023-06-22,2023-06-29,SK하이닉스,111483.86677486796,113934.3671875,0.02198076262981276," **매수 근거 (BB-RSI 역추세)**  📊 **시그널 발생일**: 2023-06-22  📉 **과매도 조건 충족**: - Bollinger Lower Band: ₩111,967 - 종가: ₩111,484 - 종가 ≤ Lower Band: ✅  📈 **RSI 조건 충족**: - RSI(7): 17.6 - 과매도 기준: 20 - RSI ≤ 20: ✅  💰 **매매 결과**: - 진입가 (익일 시가): ₩111,484 - 청산가: ₩113,934 - 청산 사유: 목표 밴드 도달 (중심선) - 수익률: +2.20% "
2023-07-25,2023-07-26,SK하이닉스,113738.25663716815,110796.75,-0.02586206896551728," **매수 근거 (BB-RSI 역추세)**  📊 **시그널 발생일**: 2023-07-25  📉 **과매도 조건 충족**: - Bollinger Lower Band: ₩111,973 - 종가: ₩111,189 - 종가 ≤ Lower Band: ✅  📈 **RSI 조건 충족**: - RSI(7): 10.3 - 과매도 기준: 20 - RSI ≤ 20: ✅  💰 **매매 결과**: - 진입가 (익일 시가): ₩113,738 - 청산가: ₩110,797 - 청산 사유: 손절매 - 수익률: -2.59% "
2023-08-17,2023-08-24,SK하이닉스,110404.54919475256,118542.7109375,0.07371219575736687," **매수 근거 (BB-RSI 역추세)**  📊 **시그널 발생일**: 2023-08-17  📉 **과매도 조건 충족**: - Bollinger Lower Band: ₩113,092 - 종가: ₩112,562 - 종가 ≤ Lower Band: ✅  📈 **RSI 조건 충족**: - RSI(7): 10.1 - 과매도 기준: 20 - RSI ≤ 20: ✅  💰 **매매 결과**: - 진입가 (익일 시가): ₩110,405 - 청산가: ₩118,543 - 청산 사유: 목표 밴드 도달 (중심선) - 수익률: +7.37% "
2023-09-26,2023-10-05,SK하이닉스,111081.57993679163,118159.3359375,0.06371673867742786," **매수 근거 (BB-RSI 역추세)**  📊 **시그널 발생일**: 2023-09-26  📉 **과매도 조건 충족**: - Bollinger Lower Band: ₩113,968 - 종가: ₩113,048 - 종가 ≤ Lower Band: ✅  📈 **RSI 조건 충족**: - RSI(7): 11.0 - 과매도 기준: 20 - RSI ≤ 20: ✅  💰 **매매 결과**: - 진입가 (익일 시가): ₩111,082 - 청산가: ₩118,159 - 청산 사유: 목표 밴드 도달 (중심선) - 수익률: +6.37% "
2023-04-20,2023-04-24,LG에너지솔루션,577000.0,566000.0,-0.019064124783362217," **매수 근거 (BB-RSI 역추세)**  📊 **시그널 발생일**: 2023-04-20  📉 **과매도 조건 충족**: - Bollinger Lower Band: ₩582,076 - 종가: ₩580,000 - 종가 ≤ Lower Band: ✅  📈 **RSI 조건 충족**: - RSI(7): 20.0 - 과매도 기준: 20 - RSI ≤ 20: ✅  💰 **매매 결과**: - 진입가 (익일 시가): ₩577,000 - 청산가: ₩566,000 - 청산 사유: 손절매 - 수익률: -1.91% "
2023-04-25,2023-04-27,LG에너지솔루션,551000.0,587000.0,0.06533575317604355," **매수 근거 (BB-RSI 역추세)**  📊 **시그널 발생일**: 2023-04-25  📉 **과매도 조건 충족**: - Bollinger Lower Band: ₩566,800 - 종가: ₩551,000 - 종가 ≤ Lower Band: ✅  📈 **RSI 조건 충족**: - RSI(7): 2.2 - 과매도 기준: 20 - RSI ≤ 20: ✅  💰 **매매 결과**: - 진입가 (익일 시가): ₩551,000 - 청산가: ₩587,000 - 청산 사유: 목표 밴드 도달 (중심선) - 수익률: +6.53% "
2023-05-12,2023-05-17,LG에너지솔루션,542000.0,560000.0,0.033210332103321034," **매수 근거 (BB-RSI 역추세)**  📊 **시그널 발생일**: 2023-05-12  📉 **과매도 조건 충족**: - Bollinger Lower Band: ₩553,285 - 종가: ₩547,000 - 종가 ≤ Lower Band: ✅  📈 **RSI 조건 충족**: - RSI(7): 13.3 - 과매도 기준: 20 - RSI ≤ 20: ✅  💰 **매매 결과**: - 진입가 (익일 시가): ₩542,000 - 청산가: ₩560,000 - 청산 사유: 목표 밴드 도달 (중심선) - 수익률: +3.32% "
2023-06-20,2023-06-28,LG에너지솔루션,563000.0,547000.0,-0.028419182948490232," **매수 근거 (BB-RSI 역추세)**  📊 **시그널 발생일**: 2023-06-20  📉 **과매도 조건 충족**: - Bollinger Lower Band: ₩572,327 - 종가: ₩561,000 - 종가 ≤ Lower Band: ✅  📈 **RSI 조건 충족**: - RSI(7): 10.0 - 과매도 기준: 20 - RSI ≤ 20: ✅  💰 **매매 결과**: - 진입가 (익일 시가): ₩563,000 - 청산가: ₩547,000 - 청산 사유: 손절매 - 수익률: -2.84% "
2023-07-12,2023-07-19,LG에너지솔루션,535000.0,560000.0,0.04672897196261682," **매수 근거 (BB-RSI 역추세)**  📊 **시그널 발생일**: 2023-07-12  📉 **과매도 조건 충족**: - Bollinger Lower Band: ₩545,374 - 종가: ₩534,000 - 종가 ≤ Lower Band: ✅  📈 **RSI 조건 충족**: - RSI(7): 0.0 - 과매도 기준: 20 - RSI ≤ 20: ✅  💰 **매매 결과**: - 진입가 (익일 시가): ₩535,000 - 청산가: ₩560,000 - 청산 사유: 목표 밴드 도달 (중심선) - 수익률: +4.67% "
2023-09-08,2023-09-12,LG에너지솔루션,512000.0,499500.0,-0.0244140625," **매수 근거 (BB-RSI 역추세)**  📊 **시그널 발생일**: 2023-09-08  📉 **과매도 조건 충족**: - Bollinger Lower Band: ₩518,411 - 종가: ₩509,000 - 종가 ≤ Lower Band: ✅  📈 **RSI 조건 충족**: - RSI(7): 19.4 - 과매도 기준: 20 - RSI ≤ 20: ✅  💰 **매매 결과**: - 진입가 (익일 시가): ₩512,000 - 청산가: ₩499,500 - 청산 사유: 손절매 - 수익률: -2.44% "
2023-09-13,2023-09-21,LG에너지솔루션,496500.0,487000.0,-0.019133937562940583," **매수 근거 (BB-RSI 역추세)**  📊 **시그널 발생일**: 2023-09-13  📉 **과매도 조건 충족**: - Bollinger Lower Band: ₩502,670 - 종가: ₩494,500 - 종가 ≤ Lower Band: ✅  📈 **RSI 조건 충족**: - RSI(7): 12.6 - 과매도 기준: 20 - RSI ≤ 20: ✅  💰 **매매 결과**: - 진입가 (익일 시가): ₩496,500 - 청산가: ₩487,000 - 청산 사유: 손절매 - 수익률: -1.91% "
2023-09-26,2023-10-04,LG에너지솔루션,469500.0,456000.0,-0.02875399361022364," **매수 근거 (BB-RSI 역추세)**  📊 **시그널 발생일**: 2023-09-26  📉 **과매도 조건 충족**: - Bollinger Lower Band: ₩481,913 - 종가: ₩475,500 - 종가 ≤ Lower Band: ✅  📈 **RSI 조건 충족**: - RSI(7): 13.3 - 과매도 기준: 20 - RSI ≤ 20: ✅  💰 **매매 결과**: - 진입가 (익일 시가): ₩469,500 - 청산가: ₩456,000 - 청산 사유: 손절매 - 수익률: -2.88% "
2023-10-20,2023-10-25,LG에너지솔루션,438000.0,409500.0,-0.06506849315068493," **매수 근거 (BB-RSI 역추세)**  📊 **시그널 발생일**: 2023-10-20  📉 **과매도 조건 충족**: - Bollinger Lower Band: ₩451,573 - 종가: ₩436,500 - 종가 ≤ Lower Band: ✅  📈 **RSI 조건 충족**: - RSI(7): 4.1 - 과매도 기준: 20 - RSI ≤ 20: ✅  💰 **매매 결과**: - 진입가 (익일 시가): ₩438,000 - 청산가: ₩409,500 - 청산 사유: 손절매 - 수익률: -6.51% "
2023-10-26,2023-10-31,LG에너지솔루션,399500.0,385500.0,-0.03504380475594493," **매수 근거 (BB-RSI 역추세)**  📊 **시그널 발생일**: 2023-10-26  📉 **과매도 조건 충족**: - Bollinger Lower Band: ₩419,994 - 종가: ₩399,500 - 종가 ≤ Lower Band: ✅  📈 **RSI 조건 충족**: - RSI(7): 12.1 - 과매도 기준: 20 - RSI ≤ 20: ✅  💰 **매매 결과**: - 진입가 (익일 시가): ₩399,500 - 청산가: ₩385,500 - 청산 사유: 손절매 - 수익률: -3.50% "
2023-11-01,2023-11-06,LG에너지솔루션,383500.0,493500.0,0.28683181225554105," **매수 근거 (BB-RSI 역추세)**  📊 **시그널 발생일**: 2023-11-01  📉 **과매도 조건 충족**: - Bollinger Lower Band: ₩388,590 - 종가: ₩377,500 - 종가 ≤ Lower Band: ✅  📈 **RSI 조건 충족**: - RSI(7): 18.6 - 과매도 기준: 20 - RSI ≤ 20: ✅  💰 **매매 결과**: - 진입가 (익일 시가): ₩383,500 - 청산가: ₩493,500 - 청산 사유: 목표 밴드 도달 (중심선) - 수익률: +28.68% "
2023-12-13,2023-12-19,LG에너지솔루션,419500.0,426000.0,0.015494636471990465," **매수 근거 (BB-RSI 역추세)**  📊 **시그널 발생일**: 2023-12-13  📉 **과매도 조건 충족**: - Bollinger Lower Band: ₩417,887 - 종가: ₩410,000 - 종가 ≤ Lower Band: ✅  📈 **RSI 조건 충족**: - RSI(7): 18.8 - 과매도 기준: 20 - RSI ≤ 20: ✅  💰 **매매 결과**: - 진입가 (익일 시가): ₩419,500 - 청산가: ₩426,000 - 청산 사유: 목표 밴드 도달 (중심선) - 수익률: +1.55% "
2023-02-27,2023-03-03,삼성바이오로직스,1185440.25,1211578.375,0.022049297718716738," **매수 근거 (BB-RSI 역추세)**  📊 **시그널 발생일**: 2023-02-27  📉 **과매도 조건 충족**: - Bollinger Lower Band: ₩1,202,735 - 종가: ₩1,183,903 - 종가 ≤ Lower Band: ✅  📈 **RSI 조건 충족**: - RSI(7): 13.2 - 과매도 기준: 20 - RSI ≤ 20: ✅  💰 **매매 결과**: - 진입가 (익일 시가): ₩1,185,440 - 청산가: ₩1,211,578 - 청산 사유: 목표 밴드 도달 (중심선) - 수익률: +2.20% "
2023-03-29,2023-04-03,삼성바이오로직스,1213115.875,1196203.0,-0.013941681374831568," **매수 근거 (BB-RSI 역추세)**  📊 **시그널 발생일**: 2023-03-29  📉 **과매도 조건 충족**: - Bollinger Lower Band: ₩1,218,933 - 종가: ₩1,216,191 - 종가 ≤ Lower Band: ✅  📈 **RSI 조건 충족**: - RSI(7): 4.3 - 과매도 기준: 20 - RSI ≤ 20: ✅  💰 **매매 결과**: - 진입가 (익일 시가): ₩1,213,116 - 청산가: ₩1,196,203 - 청산 사유: 손절매 - 수익률: -1.39% "
2023-06-20,2023-06-21,삼성바이오로직스,1179290.125,1163914.75,-0.013037822223772118," **매수 근거 (BB-RSI 역추세)**  📊 **시그널 발생일**: 2023-06-20  📉 **과매도 조건 충족**: - Bollinger Lower Band: ₩1,189,356 - 종가: ₩1,182,365 - 종가 ≤ Lower Band: ✅  📈 **RSI 조건 충족**: - RSI(7): 0.0 - 과매도 기준: 20 - RSI ≤ 20: ✅  💰 **매매 결과**: - 진입가 (익일 시가): ₩1,179,290 - 청산가: ₩1,163,915 - 청산 사유: 손절매 - 수익률: -1.30% "
2023-06-22,2023-06-23,삼성바이오로직스,1168527.375,1148539.375,-0.017105290323215578," **매수 근거 (BB-RSI 역추세)**  📊 **시그널 발생일**: 2023-06-22  📉 **과매도 조건 충족**: - Bollinger Lower Band: ₩1,172,823 - 종가: ₩1,162,377 - 종가 ≤ Lower Band: ✅  📈 **RSI 조건 충족**: - RSI(7): 0.0 - 과매도 기준: 20 - RSI ≤ 20: ✅  💰 **매매 결과**: - 진입가 (익일 시가): ₩1,168,527 - 청산가: ₩1,148,539 - 청산 사유: 손절매 - 수익률: -1.71% "
2023-07-10,2023-07-13,삼성바이오로직스,1097800.625,1150076.875,0.04761907472953024," **매수 근거 (BB-RSI 역추세)**  📊 **시그널 발생일**: 2023-07-10  📉 **과매도 조건 충족**: - Bollinger Lower Band: ₩1,115,373 - 종가: ₩1,088,576 - 종가 ≤ Lower Band: ✅  📈 **RSI 조건 충족**: - RSI(7): 18.7 - 과매도 기준: 20 - RSI ≤ 20: ✅  💰 **매매 결과**: - 진입가 (익일 시가): ₩1,097,801 - 청산가: ₩1,150,077 - 청산 사유: 목표 밴드 도달 (중심선) - 수익률: +4.76% "
2023-08-22,2023-08-25,삼성바이오로직스,1177752.5,1163914.75,-0.011749285185130152," **매수 근거 (BB-RSI 역추세)**  📊 **시그널 발생일**: 2023-08-22  📉 **과매도 조건 충족**: - Bollinger Lower Band: ₩1,189,437 - 종가: ₩1,188,515 - 종가 ≤ Lower Band: ✅  📈 **RSI 조건 충족**: - RSI(7): 16.3 - 과매도 기준: 20 - RSI ≤ 20: ✅  💰 **매매 결과**: - 진입가 (익일 시가): ₩1,177,752 - 청산가: ₩1,163,915 - 청산 사유: 손절매 - 수익률: -1.17% "
2023-08-28,2023-08-31,삼성바이오로직스,1157764.625,1133164.0,-0.02124838198437787," **매수 근거 (BB-RSI 역추세)**  📊 **시그널 발생일**: 2023-08-28  📉 **과매도 조건 충족**: - Bollinger Lower Band: ₩1,164,751 - 종가: ₩1,153,152 - 종가 ≤ Lower Band: ✅  📈 **RSI 조건 충족**: - RSI(7): 19.4 - 과매도 기준: 20 - RSI ≤ 20: ✅  💰 **매매 결과**: - 진입가 (익일 시가): ₩1,157,765 - 청산가: ₩1,133,164 - 청산 사유: 손절매 - 수익률: -2.12% "
2023-09-01,2023-09-12,삼성바이오로직스,1123938.75,1111638.5,-0.010943879281677938," **매수 근거 (BB-RSI 역추세)**  📊 **시그널 발생일**: 2023-09-01  📉 **과매도 조건 충족**: - Bollinger Lower Band: ₩1,140,895 - 종가: ₩1,127,014 - 종가 ≤ Lower Band: ✅  📈 **RSI 조건 충족**: - RSI(7): 12.5 - 과매도 기준: 20 - RSI ≤ 20: ✅  💰 **매매 결과**: - 진입가 (익일 시가): ₩1,123,939 - 청산가: ₩1,111,638 - 청산 사유: 손절매 - 수익률: -1.09% "
2023-09-25,2023-09-26,삼성바이오로직스,1065512.375,1045524.4375,-0.01875899141950369," **매수 근거 (BB-RSI 역추세)**  📊 **시그널 발생일**: 2023-09-25  📉 **과매도 조건 충족**: - Bollinger Lower Band: ₩1,086,089 - 종가: ₩1,067,050 - 종가 ≤ Lower Band: ✅  📈 **RSI 조건 충족**: - RSI(7): 2.6 - 과매도 기준: 20 - RSI ≤ 20: ✅  💰 **매매 결과**: - 진입가 (익일 시가): ₩1,065,512 - 청산가: ₩1,045,524 - 청산 사유: 손절매 - 수익률: -1.88% "
2023-09-27,2023-10-05,삼성바이오로직스,1027074.0,1111638.5,0.08233535266202825," **매수 근거 (BB-RSI 역추세)**  📊 **시그널 발생일**: 2023-09-27  📉 **과매도 조건 충족**: - Bollinger Lower Band: ₩1,061,412 - 종가: ₩1,047,062 - 종가 ≤ Lower Band: ✅  📈 **RSI 조건 충족**: - RSI(7): 1.9 - 과매도 기준: 20 - RSI ≤ 20: ✅  💰 **매매 결과**: - 진입가 (익일 시가): ₩1,027,074 - 청산가: ₩1,111,638 - 청산 사유: 목표 밴드 도달 (중심선) - 수익률: +8.23% "
2023-10-18,2023-10-24,삼성바이오로직스,1067050.0,1134701.5,0.06340049669649969," **매수 근거 (BB-RSI 역추세)**  📊 **시그널 발생일**: 2023-10-18  📉 **과매도 조건 충족**: - Bollinger Lower Band: ₩1,086,040 - 종가: ₩1,082,425 - 종가 ≤ Lower Band: ✅  📈 **RSI 조건 충족**: - RSI(7): 18.6 - 과매도 기준: 20 - RSI ≤ 20: ✅  💰 **매매 결과**: - 진입가 (익일 시가): ₩1,067,050 - 청산가: ₩1,134,702 - 청산 사유: 목표 밴드 도달 (중심선) - 수익률: +6.34% "
2023-11-24,2023-11-28,삼성바이오로직스,1090113.0,1117788.625,0.02538784969998523," **매수 근거 (BB-RSI 역추세)**  📊 **시그널 발생일**: 2023-11-24  📉 **과매도 조건 충족**: - Bollinger Lower Band: ₩1,100,058 - 종가: ₩1,090,113 - 종가 ≤ Lower Band: ✅  📈 **RSI 조건 충족**: - RSI(7): 7.4 - 과매도 기준: 20 - RSI ≤ 20: ✅  💰 **매매 결과**: - 진입가 (익일 시가): ₩1,090,113 - 청산가: ₩1,117,789 - 청산 사유: 목표 밴드 도달 (중심선) - 수익률: +2.54% "
2023-12-14,2023-12-19,삼성바이오로직스,1079350.25,1082425.25,0.002848936200274193," **매수 근거 (BB-RSI 역추세)**  📊 **시그널 발생일**: 2023-12-14  📉 **과매도 조건 충족**: - Bollinger Lower Band: ₩1,078,343 - 종가: ₩1,073,200 - 종가 ≤ Lower Band: ✅  📈 **RSI 조건 충족**: - RSI(7): 18.5 - 과매도 기준: 20 - RSI ≤ 20: ✅  💰 **매매 결과**: - 진입가 (익일 시가): ₩1,079,350 - 청산가: ₩1,082,425 - 청산 사유: 목표 밴드 도달 (중심선) - 수익률: +0.28% "
2023-06-01,2023-06-07,현대차,172884.66948621554,171055.671875,-0.010579293216981114," **매수 근거 (BB-RSI 역추세)**  📊 **시그널 발생일**: 2023-06-01  📉 **과매도 조건 충족**: - Bollinger Lower Band: ₩174,652 - 종가: ₩172,014 - 종가 ≤ Lower Band: ✅  📈 **RSI 조건 충족**: - RSI(7): 14.3 - 과매도 기준: 20 - RSI ≤ 20: ✅  💰 **매매 결과**: - 진입가 (익일 시가): ₩172,885 - 청산가: ₩171,056 - 청산 사유: 손절매 - 수익률: -1.06% "
2023-07-28,2023-07-31,현대차,173714.14142219388,171959.453125,-0.010101010101010091," **매수 근거 (BB-RSI 역추세)**  📊 **시그널 발생일**: 2023-07-28  📉 **과매도 조건 충족**: - Bollinger Lower Band: ₩173,749 - 종가: ₩172,661 - 종가 ≤ Lower Band: ✅  📈 **RSI 조건 충족**: - RSI(7): 16.7 - 과매도 기준: 20 - RSI ≤ 20: ✅  💰 **매매 결과**: - 진입가 (익일 시가): ₩173,714 - 청산가: ₩171,959 - 청산 사유: 손절매 - 수익률: -1.01% "
2023-09-11,2023-09-13,현대차,163624.67197569818,166519.890625,0.017694267095195927," **매수 근거 (BB-RSI 역추세)**  📊 **시그널 발생일**: 2023-09-11  📉 **과매도 조건 충족**: - Bollinger Lower Band: ₩163,156 - 종가: ₩162,747 - 종가 ≤ Lower Band: ✅  📈 **RSI 조건 충족**: - RSI(7): 12.5 - 과매도 기준: 20 - RSI ≤ 20: ✅  💰 **매매 결과**: - 진입가 (익일 시가): ₩163,625 - 청산가: ₩166,520 - 청산 사유: 목표 밴드 도달 (중심선) - 수익률: +1.77% "
2023-10-27,2023-10-30,현대차,154738.45561594202,152527.90625,-0.01428571428571421," **매수 근거 (BB-RSI 역추세)**  📊 **시그널 발생일**: 2023-10-27  📉 **과매도 조건 충족**: - Bollinger Lower Band: ₩158,859 - 종가: ₩155,269 - 종가 ≤ Lower Band: ✅  📈 **RSI 조건 충족**: - RSI(7): 9.5 - 과매도 기준: 20 - RSI ≤ 20: ✅  💰 **매매 결과**: - 진입가 (익일 시가): ₩154,738 - 청산가: ₩152,528 - 청산 사유: 손절매 - 수익률: -1.43% "
2023-10-31,2023-11-06,현대차,151024.75055049913,157302.6875,0.04156892778579149," **매수 근거 (BB-RSI 역추세)**  📊 **시그널 발생일**: 2023-10-31  📉 **과매도 조건 충족**: - Bollinger Lower Band: ₩154,012 - 종가: ₩150,052 - 종가 ≤ Lower Band: ✅  📈 **RSI 조건 충족**: - RSI(7): 10.8 - 과매도 기준: 20 - RSI ≤ 20: ✅  💰 **매매 결과**: - 진입가 (익일 시가): ₩151,025 - 청산가: ₩157,303 - 청산 사유: 목표 밴드 도달 (중심선) - 수익률: +4.16% "
2023-02-23,2023-03-02,삼성SDI,676823.2417279412,705645.375,0.04258443193894377," **매수 근거 (BB-RSI 역추세)**  📊 **시그널 발생일**: 2023-02-23  📉 **과매도 조건 충족**: - Bollinger Lower Band: ₩683,928 - 종가: ₩676,823 - 종가 ≤ Lower Band: ✅  📈 **RSI 조건 충족**: - RSI(7): 10.8 - 과매도 기준: 20 - RSI ≤ 20: ✅  💰 **매매 결과**: - 진입가 (익일 시가): ₩676,823 - 청산가: ₩705,645 - 청산 사유: 목표 밴드 도달 (중심선) - 수익률: +4.26% "
2023-04-24,2023-04-25,삼성SDI,730492.0086756374,701669.875,-0.03945578231292521," **매수 근거 (BB-RSI 역추세)**  📊 **시그널 발생일**: 2023-04-24  📉 **과매도 조건 충족**: - Bollinger Lower Band: ₩735,861 - 종가: ₩721,547 - 종가 ≤ Lower Band: ✅  📈 **RSI 조건 충족**: - RSI(7): 16.9 - 과매도 기준: 20 - RSI ≤ 20: ✅  💰 **매매 결과**: - 진입가 (익일 시가): ₩730,492 - 청산가: ₩701,670 - 청산 사유: 손절매 - 수익률: -3.95% "
2023-04-26,2023-04-28,삼성SDI,698688.2749645893,686761.9375,-0.017069611573478492," **매수 근거 (BB-RSI 역추세)**  📊 **시그널 발생일**: 2023-04-26  📉 **과매도 조건 충족**: - Bollinger Lower Band: ₩714,104 - 종가: ₩698,688 - 종가 ≤ Lower Band: ✅  📈 **RSI 조건 충족**: - RSI(7): 14.9 - 과매도 기준: 20 - RSI ≤ 20: ✅  💰 **매매 결과**: - 진입가 (익일 시가): ₩698,688 - 청산가: ₩686,762 - 청산 사유: 손절매 - 수익률: -1.71% "
2023-05-03,2023-05-10,삼성SDI,676823.2746710526,667878.5,-0.013215820149506372," **매수 근거 (BB-RSI 역추세)**  📊 **시그널 발생일**: 2023-05-03  📉 **과매도 조건 충족**: - Bollinger Lower Band: ₩686,630 - 종가: ₩679,805 - 종가 ≤ Lower Band: ✅  📈 **RSI 조건 충족**: - RSI(7): 16.2 - 과매도 기준: 20 - RSI ≤ 20: ✅  💰 **매매 결과**: - 진입가 (익일 시가): ₩676,823 - 청산가: ₩667,878 - 청산 사유: 손절매 - 수익률: -1.32% "
2023-05-12,2023-05-17,삼성SDI,661915.2535237389,686761.9375,0.03753756065295141," **매수 근거 (BB-RSI 역추세)**  📊 **시그널 발생일**: 2023-05-12  📉 **과매도 조건 충족**: - Bollinger Lower Band: ₩666,558 - 종가: ₩660,921 - 종가 ≤ Lower Band: ✅  📈 **RSI 조건 충족**: - RSI(7): 0.0 - 과매도 기준: 20 - RSI ≤ 20: ✅  💰 **매매 결과**: - 진입가 (익일 시가): ₩661,915 - 청산가: ₩686,762 - 청산 사유: 목표 밴드 도달 (중심선) - 수익률: +3.75% "
2023-06-20,2023-06-21,삼성SDI,699682.1755395683,690737.375,-0.012784090909090844," **매수 근거 (BB-RSI 역추세)**  📊 **시그널 발생일**: 2023-06-20  📉 **과매도 조건 충족**: - Bollinger Lower Band: ₩711,916 - 종가: ₩697,694 - 종가 ≤ Lower Band: ✅  📈 **RSI 조건 충족**: - RSI(7): 14.9 - 과매도 기준: 20 - RSI ≤ 20: ✅  💰 **매매 결과**: - 진입가 (익일 시가): ₩699,682 - 청산가: ₩690,737 - 청산 사유: 손절매 - 수익률: -1.28% "
2023-06-22,2023-06-23,삼성SDI,689743.5344070278,678811.0,-0.015850144092218944," **매수 근거 (BB-RSI 역추세)**  📊 **시그널 발생일**: 2023-06-22  📉 **과매도 조건 충족**: - Bollinger Lower Band: ₩698,580 - 종가: ₩690,737 - 종가 ≤ Lower Band: ✅  📈 **RSI 조건 충족**: - RSI(7): 0.0 - 과매도 기준: 20 - RSI ≤ 20: ✅  💰 **매매 결과**: - 진입가 (익일 시가): ₩689,744 - 청산가: ₩678,811 - 청산 사유: 손절매 - 수익률: -1.59% "
2023-06-26,2023-06-28,삼성SDI,671853.9539085545,652970.4375,-0.028106579262797242," **매수 근거 (BB-RSI 역추세)**  📊 **시그널 발생일**: 2023-06-26  📉 **과매도 조건 충족**: - Bollinger Lower Band: ₩684,588 - 종가: ₩678,811 - 종가 ≤ Lower Band: ✅  📈 **RSI 조건 충족**: - RSI(7): 0.0 - 과매도 기준: 20 - RSI ≤ 20: ✅  💰 **매매 결과**: - 진입가 (익일 시가): ₩671,854 - 청산가: ₩652,970 - 청산 사유: 손절매 - 수익률: -2.81% "
2023-06-29,2023-07-03,삼성SDI,661915.2124439462,712602.4375,0.07657661299081603," **매수 근거 (BB-RSI 역추세)**  📊 **시그널 발생일**: 2023-06-29  📉 **과매도 조건 충족**: - Bollinger Lower Band: ₩664,442 - 종가: ₩660,921 - 종가 ≤ Lower Band: ✅  📈 **RSI 조건 충족**: - RSI(7): 15.1 - 과매도 기준: 20 - RSI ≤ 20: ✅  💰 **매매 결과**: - 진입가 (익일 시가): ₩661,915 - 청산가: ₩712,602 - 청산 사유: 목표 밴드 도달 (중심선) - 수익률: +7.66% "
2023-08-02,2023-08-03,삼성SDI,644025.6126760563,635080.8125,-0.013888888888888885," **매수 근거 (BB-RSI 역추세)**  📊 **시그널 발생일**: 2023-08-02  📉 **과매도 조건 충족**: - Bollinger Lower Band: ₩654,476 - 종가: ₩646,013 - 종가 ≤ Lower Band: ✅  📈 **RSI 조건 충족**: - RSI(7): 10.3 - 과매도 기준: 20 - RSI ≤ 20: ✅  💰 **매매 결과**: - 진입가 (익일 시가): ₩644,026 - 청산가: ₩635,081 - 청산 사유: 손절매 - 수익률: -1.39% "
2023-08-04,2023-08-07,삼성SDI,626136.080834684,613215.8125,-0.02063492063492065," **매수 근거 (BB-RSI 역추세)**  📊 **시그널 발생일**: 2023-08-04  📉 **과매도 조건 충족**: - Bollinger Lower Band: ₩638,623 - 종가: ₩631,105 - 종가 ≤ Lower Band: ✅  📈 **RSI 조건 충족**: - RSI(7): 9.5 - 과매도 기준: 20 - RSI ≤ 20: ✅  💰 **매매 결과**: - 진입가 (익일 시가): ₩626,136 - 청산가: ₩613,216 - 청산 사유: 손절매 - 수익률: -2.06% "
2023-08-08,2023-08-16,삼성SDI,610234.2261435331,597313.875,-0.021172773649857746," **매수 근거 (BB-RSI 역추세)**  📊 **시그널 발생일**: 2023-08-08  📉 **과매도 조건 충족**: - Bollinger Lower Band: ₩621,205 - 종가: ₩610,234 - 종가 ≤ Lower Band: ✅  📈 **RSI 조건 충족**: - RSI(7): 11.1 - 과매도 기준: 20 - RSI ≤ 20: ✅  💰 **매매 결과**: - 진입가 (익일 시가): ₩610,234 - 청산가: ₩597,314 - 청산 사유: 손절매 - 수익률: -2.12% "
2023-08-23,2023-08-28,삼성SDI,584393.6742424242,595326.1875,0.01870744626342527," **매수 근거 (BB-RSI 역추세)**  📊 **시그널 발생일**: 2023-08-23  📉 **과매도 조건 충족**: - Bollinger Lower Band: ₩587,348 - 종가: ₩582,406 - 종가 ≤ Lower Band: ✅  📈 **RSI 조건 충족**: - RSI(7): 19.5 - 과매도 기준: 20 - RSI ≤ 20: ✅  💰 **매매 결과**: - 진입가 (익일 시가): ₩584,394 - 청산가: ₩595,326 - 청산 사유: 목표 밴드 도달 (중심선) - 수익률: +1.87% "
2023-09-13,2023-09-21,삼성SDI,559546.9855522261,534700.3125,-0.04440498062500415," **매수 근거 (BB-RSI 역추세)**  📊 **시그널 발생일**: 2023-09-13  📉 **과매도 조건 충족**: - Bollinger Lower Band: ₩566,090 - 종가: ₩554,578 - 종가 ≤ Lower Band: ✅  📈 **RSI 조건 충족**: - RSI(7): 9.4 - 과매도 기준: 20 - RSI ≤ 20: ✅  💰 **매매 결과**: - 진입가 (익일 시가): ₩559,547 - 청산가: ₩534,700 - 청산 사유: 손절매 - 수익률: -4.44% "
2023-09-25,2023-10-04,삼성SDI,512835.2370689655,481528.4375,-0.061046506374825026," **매수 근거 (BB-RSI 역추세)**  📊 **시그널 발생일**: 2023-09-25  📉 **과매도 조건 충족**: - Bollinger Lower Band: ₩532,623 - 종가: ₩517,805 - 종가 ≤ Lower Band: ✅  📈 **RSI 조건 충족**: - RSI(7): 6.8 - 과매도 기준: 20 - RSI ≤ 20: ✅  💰 **매매 결과**: - 진입가 (익일 시가): ₩512,835 - 청산가: ₩481,528 - 청산 사유: 손절매 - 수익률: -6.10% "
2023-10-05,2023-10-11,삼성SDI,481031.5064968815,507865.90625,0.055785118834606906," **매수 근거 (BB-RSI 역추세)**  📊 **시그널 발생일**: 2023-10-05  📉 **과매도 조건 충족**: - Bollinger Lower Band: ₩496,779 - 종가: ₩486,001 - 종가 ≤ Lower Band: ✅  📈 **RSI 조건 충족**: - RSI(7): 6.5 - 과매도 기준: 20 - RSI ≤ 20: ✅  💰 **매매 결과**: - 진입가 (익일 시가): ₩481,032 - 청산가: ₩507,866 - 청산 사유: 목표 밴드 도달 (중심선) - 수익률: +5.58% "
2023-10-23,2023-10-25,삼성SDI,474074.4310546875,442767.65625,-0.06603767837687083," **매수 근거 (BB-RSI 역추세)**  📊 **시그널 발생일**: 2023-10-23  📉 **과매도 조건 충족**: - Bollinger Lower Band: ₩482,501 - 종가: ₩471,093 - 종가 ≤ Lower Band: ✅  📈 **RSI 조건 충족**: - RSI(7): 12.3 - 과매도 기준: 20 - RSI ≤ 20: ✅  💰 **매매 결과**: - 진입가 (익일 시가): ₩474,074 - 청산가: ₩442,768 - 청산 사유: 손절매 - 수익률: -6.60% "
2023-10-26,2023-11-02,삼성SDI,422890.3117740598,448233.90625,0.05992947525712222," **매수 근거 (BB-RSI 역추세)**  📊 **시그널 발생일**: 2023-10-26  📉 **과매도 조건 충족**: - Bollinger Lower Band: ₩450,513 - 종가: ₩420,406 - 종가 ≤ Lower Band: ✅  📈 **RSI 조건 충족**: - RSI(7): 5.3 - 과매도 기준: 20 - RSI ≤ 20: ✅  💰 **매매 결과**: - 진입가 (익일 시가): ₩422,890 - 청산가: ₩448,234 - 청산 사유: 목표 밴드 도달 (중심선) - 수익률: +5.99% "
2023-04-27,2023-05-03,LG화학,737923.4158783783,718139.9375,-0.026809663377912046," **매수 근거 (BB-RSI 역추세)**  📊 **시그널 발생일**: 2023-04-27  📉 **과매도 조건 충족**: - Bollinger Lower Band: ₩736,335 - 종가: ₩732,978 - 종가 ≤ Lower Band: ✅  📈 **RSI 조건 충족**: - RSI(7): 18.2 - 과매도 기준: 20 - RSI ≤ 20: ✅  💰 **매매 결과**: - 진입가 (익일 시가): ₩737,923 - 청산가: ₩718,140 - 청산 사유: 손절매 - 수익률: -2.68% "
2023-05-11,2023-05-12,LG화학,689453.9365915698,680551.375,-0.012912482065997178," **매수 근거 (BB-RSI 역추세)**  📊 **시그널 발생일**: 2023-05-11  📉 **과매도 조건 충족**: - Bollinger Lower Band: ₩701,966 - 종가: ₩683,519 - 종가 ≤ Lower Band: ✅  📈 **RSI 조건 충족**: - RSI(7): 15.5 - 과매도 기준: 20 - RSI ≤ 20: ✅  💰 **매매 결과**: - 진입가 (익일 시가): ₩689,454 - 청산가: ₩680,551 - 청산 사유: 손절매 - 수익률: -1.29% "
2023-05-15,2023-05-17,LG화학,688464.735971223,701324.0,0.01867817385103443," **매수 근거 (BB-RSI 역추세)**  📊 **시그널 발생일**: 2023-05-15  📉 **과매도 조건 충족**: - Bollinger Lower Band: ₩688,358 - 종가: ₩683,519 - 종가 ≤ Lower Band: ✅  📈 **RSI 조건 충족**: - RSI(7): 15.7 - 과매도 기준: 20 - RSI ≤ 20: ✅  💰 **매매 결과**: - 진입가 (익일 시가): ₩688,465 - 청산가: ₩701,324 - 청산 사유: 목표 밴드 도달 (중심선) - 수익률: +1.87% "
2023-06-27,2023-06-28,LG화학,702313.137273414,654832.8125,-0.06760563380281696," **매수 근거 (BB-RSI 역추세)**  📊 **시그널 발생일**: 2023-06-27  📉 **과매도 조건 충족**: - Bollinger Lower Band: ₩699,041 - 종가: ₩695,389 - 종가 ≤ Lower Band: ✅  📈 **RSI 조건 충족**: - RSI(7): 15.5 - 과매도 기준: 20 - RSI ≤ 20: ✅  💰 **매매 결과**: - 진입가 (익일 시가): ₩702,313 - 청산가: ₩654,833 - 청산 사유: 손절매 - 수익률: -6.76% "
2023-06-29,2023-07-07,LG화학,657800.3406109445,648897.8125,-0.013533784586788382," **매수 근거 (BB-RSI 역추세)**  📊 **시그널 발생일**: 2023-06-29  📉 **과매도 조건 충족**: - Bollinger Lower Band: ₩672,753 - 종가: ₩652,854 - 종가 ≤ Lower Band: ✅  📈 **RSI 조건 충족**: - RSI(7): 0.0 - 과매도 기준: 20 - RSI ≤ 20: ✅  💰 **매매 결과**: - 진입가 (익일 시가): ₩657,800 - 청산가: ₩648,898 - 청산 사유: 손절매 - 수익률: -1.35% "
2023-08-02,2023-08-04,LG화학,639006.0202177294,629114.3125,-0.015479834938580028," **매수 근거 (BB-RSI 역추세)**  📊 **시그널 발생일**: 2023-08-02  📉 **과매도 조건 충족**: - Bollinger Lower Band: ₩639,278 - 종가: ₩635,049 - 종가 ≤ Lower Band: ✅  📈 **RSI 조건 충족**: - RSI(7): 19.1 - 과매도 기준: 20 - RSI ≤ 20: ✅  💰 **매매 결과**: - 진입가 (익일 시가): ₩639,006 - 청산가: ₩629,114 - 청산 사유: 손절매 - 수익률: -1.55% "
2023-08-07,2023-08-14,LG화학,608341.6875,590536.5625,-0.02926829669222693," **매수 근거 (BB-RSI 역추세)**  📊 **시그널 발생일**: 2023-08-07  📉 **과매도 조건 충족**: - Bollinger Lower Band: ₩616,233 - 종가: ₩608,342 - 종가 ≤ Lower Band: ✅  📈 **RSI 조건 충족**: - RSI(7): 13.6 - 과매도 기준: 20 - RSI ≤ 20: ✅  💰 **매매 결과**: - 진입가 (익일 시가): ₩608,342 - 청산가: ₩590,537 - 청산 사유: 손절매 - 수익률: -2.93% "
2023-08-21,2023-08-22,LG화학,572731.4155759162,566796.375,-0.010362694300518048," **매수 근거 (BB-RSI 역추세)**  📊 **시그널 발생일**: 2023-08-21  📉 **과매도 조건 충족**: - Bollinger Lower Band: ₩570,361 - 종가: ₩561,851 - 종가 ≤ Lower Band: ✅  📈 **RSI 조건 충족**: - RSI(7): 5.7 - 과매도 기준: 20 - RSI ≤ 20: ✅  💰 **매매 결과**: - 진입가 (익일 시가): ₩572,731 - 청산가: ₩566,796 - 청산 사유: 손절매 - 수익률: -1.04% "
2023-08-23,2023-08-30,LG화학,557893.8610124334,569763.9375,0.021276585596452794," **매수 근거 (BB-RSI 역추세)**  📊 **시그널 발생일**: 2023-08-23  📉 **과매도 조건 충족**: - Bollinger Lower Band: ₩558,634 - 종가: ₩555,916 - 종가 ≤ Lower Band: ✅  📈 **RSI 조건 충족**: - RSI(7): 7.1 - 과매도 기준: 20 - RSI ≤ 20: ✅  💰 **매매 결과**: - 진입가 (익일 시가): ₩557,894 - 청산가: ₩569,764 - 청산 사유: 목표 밴드 도달 (중심선) - 수익률: +2.13% "
2023-09-13,2023-09-15,LG화학,535142.7945298372,566796.375,0.05914978356005488," **매수 근거 (BB-RSI 역추세)**  📊 **시그널 발생일**: 2023-09-13  📉 **과매도 조건 충족**: - Bollinger Lower Band: ₩549,725 - 종가: ₩534,154 - 종가 ≤ Lower Band: ✅  📈 **RSI 조건 충족**: - RSI(7): 10.3 - 과매도 기준: 20 - RSI ≤ 20: ✅  💰 **매매 결과**: - 진입가 (익일 시가): ₩535,143 - 청산가: ₩566,796 - 청산 사유: 목표 밴드 도달 (중심선) - 수익률: +5.91% "
2023-09-26,2023-10-04,LG화학,491619.2117321249,480738.3125,-0.022132778728862473," **매수 근거 (BB-RSI 역추세)**  📊 **시그널 발생일**: 2023-09-26  📉 **과매도 조건 충족**: - Bollinger Lower Band: ₩509,388 - 종가: ₩499,533 - 종가 ≤ Lower Band: ✅  📈 **RSI 조건 충족**: - RSI(7): 0.0 - 과매도 기준: 20 - RSI ≤ 20: ✅  💰 **매매 결과**: - 진입가 (익일 시가): ₩491,619 - 청산가: ₩480,738 - 청산 사유: 손절매 - 수익률: -2.21% "
2023-10-23,2023-10-25,LG화학,475792.4662093496,453041.4375,-0.04781712684651689," **매수 근거 (BB-RSI 역추세)**  📊 **시그널 발생일**: 2023-10-23  📉 **과매도 조건 충족**: - Bollinger Lower Band: ₩482,987 - 종가: ₩475,792 - 종가 ≤ Lower Band: ✅  📈 **RSI 조건 충족**: - RSI(7): 8.6 - 과매도 기준: 20 - RSI ≤ 20: ✅  💰 **매매 결과**: - 진입가 (익일 시가): ₩475,792 - 청산가: ₩453,041 - 청산 사유: 손절매 - 수익률: -4.78% "
2023-10-26,2023-11-02,LG화학,421387.9246009122,450568.53125,0.06924879652572899," **매수 근거 (BB-RSI 역추세)**  📊 **시그널 발생일**: 2023-10-26  📉 **과매도 조건 충족**: - Bollinger Lower Band: ₩454,068 - 종가: ₩421,388 - 종가 ≤ Lower Band: ✅  📈 **RSI 조건 충족**: - RSI(7): 11.2 - 과매도 기준: 20 - RSI ≤ 20: ✅  💰 **매매 결과**: - 진입가 (익일 시가): ₩421,388 - 청산가: ₩450,569 - 청산 사유: 목표 밴드 도달 (중심선) - 수익률: +6.92% "
2023-12-04,2023-12-13,LG화학,463922.37174893846,455019.78125,-0.019189827956294994," **매수 근거 (BB-RSI 역추세)**  📊 **시그널 발생일**: 2023-12-04  📉 **과매도 조건 충족**: - Bollinger Lower Band: ₩482,890 - 종가: ₩467,879 - 종가 ≤ Lower Band: ✅  📈 **RSI 조건 충족**: - RSI(7): 0.0 - 과매도 기준: 20 - RSI ≤ 20: ✅  💰 **매매 결과**: - 진입가 (익일 시가): ₩463,922 - 청산가: ₩455,020 - 청산 사유: 손절매 - 수익률: -1.92% "
2023-05-30,2023-06-01,기아,76559.13692338475,75219.1328125,-0.017502863338516174," **매수 근거 (BB-RSI 역추세)**  📊 **시그널 발생일**: 2023-05-30  📉 **과매도 조건 충족**: - Bollinger Lower Band: ₩77,569 - 종가: ₩76,470 - 종가 ≤ Lower Band: ✅  📈 **RSI 조건 충족**: - RSI(7): 13.6 - 과매도 기준: 20 - RSI ≤ 20: ✅  💰 **매매 결과**: - 진입가 (익일 시가): ₩76,559 - 청산가: ₩75,219 - 청산 사유: 손절매 - 수익률: -1.75% "
2023-07-20,2023-07-24,기아,76023.13612241125,74593.7890625,-0.018801474561766774," **매수 근거 (BB-RSI 역추세)**  📊 **시그널 발생일**: 2023-07-20  📉 **과매도 조건 충족**: - Bollinger Lower Band: ₩76,577 - 종가: ₩75,308 - 종가 ≤ Lower Band: ✅  📈 **RSI 조건 충족**: - RSI(7): 19.1 - 과매도 기준: 20 - RSI ≤ 20: ✅  💰 **매매 결과**: - 진입가 (익일 시가): ₩76,023 - 청산가: ₩74,594 - 청산 사유: 손절매 - 수익률: -1.88% "
2023-09-07,2023-09-14,기아,69948.42720718187,70752.4375,0.011494329821551423," **매수 근거 (BB-RSI 역추세)**  📊 **시그널 발생일**: 2023-09-07  📉 **과매도 조건 충족**: - Bollinger Lower Band: ₩70,065 - 종가: ₩69,948 - 종가 ≤ Lower Band: ✅  📈 **RSI 조건 충족**: - RSI(7): 17.2 - 과매도 기준: 20 - RSI ≤ 20: ✅  💰 **매매 결과**: - 진입가 (익일 시가): ₩69,948 - 청산가: ₩70,752 - 청산 사유: 목표 밴드 도달 (중심선) - 수익률: +1.15% "
2023-10-30,2023-10-31,기아,70663.10328958063,68697.7578125,-0.027812895069532283," **매수 근거 (BB-RSI 역추세)**  📊 **시그널 발생일**: 2023-10-30  📉 **과매도 조건 충족**: - Bollinger Lower Band: ₩71,428 - 종가: ₩69,770 - 종가 ≤ Lower Band: ✅  📈 **RSI 조건 충족**: - RSI(7): 15.1 - 과매도 기준: 20 - RSI ≤ 20: ✅  💰 **매매 결과**: - 진입가 (익일 시가): ₩70,663 - 청산가: ₩68,698 - 청산 사유: 손절매 - 수익률: -2.78% "
2023-11-01,2023-11-08,기아,69591.09823845541,68787.0859375,-0.011553378539887997," **매수 근거 (BB-RSI 역추세)**  📊 **시그널 발생일**: 2023-11-01  📉 **과매도 조건 충족**: - Bollinger Lower Band: ₩69,803 - 종가: ₩69,144 - 종가 ≤ Lower Band: ✅  📈 **RSI 조건 충족**: - RSI(7): 7.6 - 과매도 기준: 20 - RSI ≤ 20: ✅  💰 **매매 결과**: - 진입가 (익일 시가): ₩69,591 - 청산가: ₩68,787 - 청산 사유: 손절매 - 수익률: -1.16% "
2023-03-02,2023-03-06,NAVER,205268.1917198905,212192.90625,0.03373496142821275," **매수 근거 (BB-RSI 역추세)**  📊 **시그널 발생일**: 2023-03-02  📉 **과매도 조건 충족**: - Bollinger Lower Band: ₩205,368 - 종가: ₩203,784 - 종가 ≤ Lower Band: ✅  📈 **RSI 조건 충족**: - RSI(7): 13.9 - 과매도 기준: 20 - RSI ≤ 20: ✅  💰 **매매 결과**: - 진입가 (익일 시가): ₩205,268 - 청산가: ₩212,193 - 청산 사유: 목표 밴드 도달 (중심선) - 수익률: +3.37% "
2023-03-15,2023-03-20,NAVER,191517.7072552004,199332.71875,0.0408056863608229," **매수 근거 (BB-RSI 역추세)**  📊 **시그널 발생일**: 2023-03-15  📉 **과매도 조건 충족**: - Bollinger Lower Band: ₩195,606 - 종가: ₩194,288 - 종가 ≤ Lower Band: ✅  📈 **RSI 조건 충족**: - RSI(7): 12.8 - 과매도 기준: 20 - RSI ≤ 20: ✅  💰 **매매 결과**: - 진입가 (익일 시가): ₩191,518 - 청산가: ₩199,333 - 청산 사유: 목표 밴드 도달 (중심선) - 수익률: +4.08% "
2023-04-25,2023-04-28,NAVER,183801.59740497076,190231.6875,0.03498386404587007," **매수 근거 (BB-RSI 역추세)**  📊 **시그널 발생일**: 2023-04-25  📉 **과매도 조건 충족**: - Bollinger Lower Band: ₩187,058 - 종가: ₩184,098 - 종가 ≤ Lower Band: ✅  📈 **RSI 조건 충족**: - RSI(7): 1.5 - 과매도 기준: 20 - RSI ≤ 20: ✅  💰 **매매 결과**: - 진입가 (익일 시가): ₩183,802 - 청산가: ₩190,232 - 청산 사유: 목표 밴드 도달 (중심선) - 수익률: +3.50% "
2023-05-31,2023-06-07,NAVER,197749.94198835784,202795.09375,0.025512785040104773," **매수 근거 (BB-RSI 역추세)**  📊 **시그널 발생일**: 2023-05-31  📉 **과매도 조건 충족**: - Bollinger Lower Band: ₩199,689 - 종가: ₩197,354 - 종가 ≤ Lower Band: ✅  📈 **RSI 조건 충족**: - RSI(7): 13.0 - 과매도 기준: 20 - RSI ≤ 20: ✅  💰 **매매 결과**: - 진입가 (익일 시가): ₩197,750 - 청산가: ₩202,795 - 청산 사유: 목표 밴드 도달 (중심선) - 수익률: +2.55% "
2023-06-14,2023-06-16,NAVER,197848.84663341646,200321.96875,0.012500058295340285," **매수 근거 (BB-RSI 역추세)**  📊 **시그널 발생일**: 2023-06-14  📉 **과매도 조건 충족**: - Bollinger Lower Band: ₩197,481 - 종가: ₩197,057 - 종가 ≤ Lower Band: ✅  📈 **RSI 조건 충족**: - RSI(7): 13.7 - 과매도 기준: 20 - RSI ≤ 20: ✅  💰 **매매 결과**: - 진입가 (익일 시가): ₩197,849 - 청산가: ₩200,322 - 청산 사유: 목표 밴드 도달 (중심선) - 수익률: +1.25% "
2023-06-26,2023-06-27,NAVER,185977.9128563744,183900.5,-0.011170212765957482," **매수 근거 (BB-RSI 역추세)**  📊 **시그널 발생일**: 2023-06-26  📉 **과매도 조건 충족**: - Bollinger Lower Band: ₩188,396 - 종가: ₩186,868 - 종가 ≤ Lower Band: ✅  📈 **RSI 조건 충족**: - RSI(7): 18.5 - 과매도 기준: 20 - RSI ≤ 20: ✅  💰 **매매 결과**: - 진입가 (익일 시가): ₩185,978 - 청산가: ₩183,900 - 청산 사유: 손절매 - 수익률: -1.12% "
2023-06-28,2023-07-03,NAVER,182232.3383315158,187685.421875,0.02992379724373604," **매수 근거 (BB-RSI 역추세)**  📊 **시그널 발생일**: 2023-06-28  📉 **과매도 조건 충족**: - Bollinger Lower Band: ₩184,545 - 종가: ₩182,812 - 종가 ≤ Lower Band: ✅  📈 **RSI 조건 충족**: - RSI(7): 8.4 - 과매도 기준: 20 - RSI ≤ 20: ✅  💰 **매매 결과**: - 진입가 (익일 시가): ₩182,232 - 청산가: ₩187,685 - 청산 사유: 목표 밴드 도달 (중심선) - 수익률: +2.99% "
2023-08-21,2023-08-22,NAVER,216140.6344739819,219115.046875,0.013761467889908311," **매수 근거 (BB-RSI 역추세)**  📊 **시그널 발생일**: 2023-08-21  📉 **과매도 조건 충족**: - Bollinger Lower Band: ₩213,884 - 종가: ₩212,670 - 종가 ≤ Lower Band: ✅  📈 **RSI 조건 충족**: - RSI(7): 17.5 - 과매도 기준: 20 - RSI ≤ 20: ✅  💰 **매매 결과**: - 진입가 (익일 시가): ₩216,141 - 청산가: ₩219,115 - 청산 사유: 목표 밴드 도달 (중심선) - 수익률: +1.38% "
2023-09-25,2023-09-26,NAVER,205234.46571828358,199285.640625,-0.0289855072463768," **매수 근거 (BB-RSI 역추세)**  📊 **시그널 발생일**: 2023-09-25  📉 **과매도 조건 충족**: - Bollinger Lower Band: ₩208,571 - 종가: ₩204,739 - 종가 ≤ Lower Band: ✅  📈 **RSI 조건 충족**: - RSI(7): 14.8 - 과매도 기준: 20 - RSI ≤ 20: ✅  💰 **매매 결과**: - 진입가 (익일 시가): ₩205,234 - 청산가: ₩199,286 - 청산 사유: 손절매 - 수익률: -2.90% "
2023-09-27,2023-10-04,NAVER,194328.29465219664,189569.234375,-0.024489795918367266," **매수 근거 (BB-RSI 역추세)**  📊 **시그널 발생일**: 2023-09-27  📉 **과매도 조건 충족**: - Bollinger Lower Band: ₩202,284 - 종가: ₩199,781 - 종가 ≤ Lower Band: ✅  📈 **RSI 조건 충족**: - RSI(7): 2.4 - 과매도 기준: 20 - RSI ≤ 20: ✅  💰 **매매 결과**: - 진입가 (익일 시가): ₩194,328 - 청산가: ₩189,569 - 청산 사유: 손절매 - 수익률: -2.45% "
2023-10-05,2023-10-18,NAVER,187685.42792365112,184711.015625,-0.015847859535803106," **매수 근거 (BB-RSI 역추세)**  📊 **시그널 발생일**: 2023-10-05  📉 **과매도 조건 충족**: - Bollinger Lower Band: ₩193,831 - 종가: ₩187,785 - 종가 ≤ Lower Band: ✅  📈 **RSI 조건 충족**: - RSI(7): 1.7 - 과매도 기준: 20 - RSI ≤ 20: ✅  💰 **매매 결과**: - 진입가 (익일 시가): ₩187,685 - 청산가: ₩184,711 - 청산 사유: 손절매 - 수익률: -1.58% "
2023-10-19,2023-10-24,NAVER,176878.39934794672,185405.046875,0.04820626802643137," **매수 근거 (BB-RSI 역추세)**  📊 **시그널 발생일**: 2023-10-19  📉 **과매도 조건 충족**: - Bollinger Lower Band: ₩184,403 - 종가: ₩179,853 - 종가 ≤ Lower Band: ✅  📈 **RSI 조건 충족**: - RSI(7): 16.4 - 과매도 기준: 20 - RSI ≤ 20: ✅  💰 **매매 결과**: - 진입가 (익일 시가): ₩176,878 - 청산가: ₩185,405 - 청산 사유: 목표 밴드 도달 (중심선) - 수익률: +4.82% "
2023-02-06,2023-02-09,POSCO홀딩스,274321.7950922819,282634.5625,0.030302978313923975," **매수 근거 (BB-RSI 역추세)**  📊 **시그널 발생일**: 2023-02-06  📉 **과매도 조건 충족**: - Bollinger Lower Band: ₩278,861 - 종가: ₩276,169 - 종가 ≤ Lower Band: ✅  📈 **RSI 조건 충족**: - RSI(7): 0.0 - 과매도 기준: 20 - RSI ≤ 20: ✅  💰 **매매 결과**: - 진입가 (익일 시가): ₩274,322 - 청산가: ₩282,635 - 청산 사유: 목표 밴드 도달 (중심선) - 수익률: +3.03% "
2023-04-25,2023-04-26,POSCO홀딩스,350784.86355989234,345667.3125,-0.014588859416445664," **매수 근거 (BB-RSI 역추세)**  📊 **시그널 발생일**: 2023-04-25  📉 **과매도 조건 충족**: - Bollinger Lower Band: ₩364,276 - 종가: ₩353,111 - 종가 ≤ Lower Band: ✅  📈 **RSI 조건 충족**: - RSI(7): 17.7 - 과매도 기준: 20 - RSI ≤ 20: ✅  💰 **매매 결과**: - 진입가 (익일 시가): ₩350,785 - 청산가: ₩345,667 - 청산 사유: 손절매 - 수익률: -1.46% "
2023-05-12,2023-05-17,POSCO홀딩스,338223.63115658966,344271.65625,0.01788173426182112," **매수 근거 (BB-RSI 역추세)**  📊 **시그널 발생일**: 2023-05-12  📉 **과매도 조건 충족**: - Bollinger Lower Band: ₩339,733 - 종가: ₩338,224 - 종가 ≤ Lower Band: ✅  📈 **RSI 조건 충족**: - RSI(7): 18.6 - 과매도 기준: 20 - RSI ≤ 20: ✅  💰 **매매 결과**: - 진입가 (익일 시가): ₩338,224 - 청산가: ₩344,272 - 청산 사유: 목표 밴드 도달 (중심선) - 수익률: +1.79% "
2023-08-18,2023-08-24,POSCO홀딩스,514124.55081669695,542218.875,0.05464497686149137," **매수 근거 (BB-RSI 역추세)**  📊 **시그널 발생일**: 2023-08-18  📉 **과매도 조건 충족**: - Bollinger Lower Band: ₩518,482 - 종가: ₩514,125 - 종가 ≤ Lower Band: ✅  📈 **RSI 조건 충족**: - RSI(7): 12.5 - 과매도 기준: 20 - RSI ≤ 20: ✅  💰 **매매 결과**: - 진입가 (익일 시가): ₩514,125 - 청산가: ₩542,219 - 청산 사유: 목표 밴드 도달 (중심선) - 수익률: +5.46% "
2023-09-27,2023-10-04,POSCO홀딩스,497703.4968811155,480768.40625,-0.034026465028355435," **매수 근거 (BB-RSI 역추세)**  📊 **시그널 발생일**: 2023-09-27  📉 **과매도 조건 충족**: - Bollinger Lower Band: ₩508,375 - 종가: ₩503,348 - 종가 ≤ Lower Band: ✅  📈 **RSI 조건 충족**: - RSI(7): 4.2 - 과매도 기준: 20 - RSI ≤ 20: ✅  💰 **매매 결과**: - 진입가 (익일 시가): ₩497,703 - 청산가: ₩480,768 - 청산 사유: 손절매 - 수익률: -3.40% "
2023-10-05,2023-10-10,POSCO홀딩스,479827.5528939689,463833.34375,-0.033333244511498994," **매수 근거 (BB-RSI 역추세)**  📊 **시그널 발생일**: 2023-10-05  📉 **과매도 조건 충족**: - Bollinger Lower Band: ₩490,387 - 종가: ₩480,768 - 종가 ≤ Lower Band: ✅  📈 **RSI 조건 충족**: - RSI(7): 2.4 - 과매도 기준: 20 - RSI ≤ 20: ✅  💰 **매매 결과**: - 진입가 (익일 시가): ₩479,828 - 청산가: ₩463,833 - 청산 사유: 손절매 - 수익률: -3.33% "
2023-10-20,2023-10-25,POSCO홀딩스,425258.9740618102,419143.5,-0.014380587911876287," **매수 근거 (BB-RSI 역추세)**  📊 **시그널 발생일**: 2023-10-20  📉 **과매도 조건 충족**: - Bollinger Lower Band: ₩450,275 - 종가: ₩426,200 - 종가 ≤ Lower Band: ✅  📈 **RSI 조건 충족**: - RSI(7): 14.5 - 과매도 기준: 20 - RSI ≤ 20: ✅  💰 **매매 결과**: - 진입가 (익일 시가): ₩425,259 - 청산가: ₩419,144 - 청산 사유: 손절매 - 수익률: -1.44% "
2023-10-26,2023-10-31,POSCO홀딩스,397974.65625,387154.96875,-0.02718687567180982," **매수 근거 (BB-RSI 역추세)**  📊 **시그널 발생일**: 2023-10-26  📉 **과매도 조건 충족**: - Bollinger Lower Band: ₩417,598 - 종가: ₩396,563 - 종가 ≤ Lower Band: ✅  📈 **RSI 조건 충족**: - RSI(7): 17.0 - 과매도 기준: 20 - RSI ≤ 20: ✅  💰 **매매 결과**: - 진입가 (익일 시가): ₩397,975 - 청산가: ₩387,155 - 청산 사유: 손절매 - 수익률: -2.72% "
2023-12-07,2023-12-08,POSCO홀딩스,425729.3826219512,443605.3125,0.041988950276243074," **매수 근거 (BB-RSI 역추세)**  📊 **시그널 발생일**: 2023-12-07  📉 **과매도 조건 충족**: - Bollinger Lower Band: ₩429,716 - 종가: ₩420,555 - 종가 ≤ Lower Band: ✅  📈 **RSI 조건 충족**: - RSI(7): 14.0 - 과매도 기준: 20 - RSI ≤ 20: ✅  💰 **매매 결과**: - 진입가 (익일 시가): ₩425,729 - 청산가: ₩443,605 - 청산 사유: 목표 밴드 도달 (중심선) - 수익률: +4.20% "
